Year,Title,Gross
1995.0,Toy Story,244652254 
1995.0,Apollo 13,223837411 
1995.0,Batman Forever,184031112 
1995.0,Pocahontas,141579773 
1995.0,Ace Ventura: When Nature Calls,108385533 
1995.0,GoldenEye,106430619 
1995.0,Jumanji,100475429 
1995.0,Casper,100439549 
1995.0,Se7en,100125643 
1995.0,Die Hard with a Vengeance,100012499 
1995.0,Crimson Tide,91387195 
1995.0,Waterworld,88246905 
1995.0,12 Monkeys,87020996 
1995.0,Dangerous Minds,84919401 
1995.0,Mr. Holland's Opus,82569971 
1995.0,While You Were Sleeping,81057016 
1995.0,Congo,81022101 
1995.0,Father of the Bride Part II,76594107 
1995.0,Braveheart,75609945 
1995.0,Get Shorty,72101622 
1995.0,Grumpier Old Men,71518503 
1995.0,The Bridges of Madison County,71516617 
1995.0,Mortal Kombat,70455286 
1995.0,Nine Months,69684532 
1995.0,Casino,68972551 
1995.0,Outbreak,67659560 
1995.0,Heat,67442734 
1995.0,Waiting to Exhale,67052156 
1995.0,Bad Boys,65807024 
1995.0,Babe,63659146 
1995.0,The American President,60079496 
1995.0,Species,60074103 
1995.0,Clueless,56664309 
1995.0,Sabrina,53696278 
1995.0,Something to Talk About,50865589 
1995.0,The Net,50727965 
1995.0,Under Siege 2: Dark Territory,50024083 
1995.0,A Walk in the Clouds,50008143 
1995.0,The Brady Bunch Movie,46576136 
1995.0,Sense and Sensibility,43184363 
1995.0,Man of the House,40070995 
1995.0,Dead Man Walking,39363635 
1995.0,French Kiss,38896854 
1995.0,Higher Learning,38290723 
1995.0,Mighty Morphin Power Rangers,38187431 
1995.0,First Knight,37600435 
1995.0,Just Cause,36853222 
1995.0,"To Wong Foo, Thanks for Everything! Julie Newmar",36474193 
1995.0,The Indian in the Cupboard,35656131 
1995.0,Money Train,35431113 
1995.0,A Goofy Movie,35348597 
1995.0,Judge Dredd,34693481 
1995.0,Forget Paris,33177694 
1995.0,Tommy Boy,32679899 
1995.0,Copycat,32051917 
1995.0,Leaving Las Vegas,32029928 
1995.0,Rob Roy,31596911 
1995.0,Powder,30862156 
1995.0,Assassins,30303072 
1995.0,Free Willy 2: The Adventure Home,30077111 
1995.0,Major Payne,29412050 
1995.0,Friday,27467564 
1995.0,Now and Then,27112329 
1995.0,Houseguest,26325256 
1995.0,Billy Madison,25588734 
1995.0,Desperado,25405445 
1995.0,Operation Dumbo Drop,24670346 
1995.0,Dolores Claiborne,24361867 
1995.0,Dead Presidents,24147179 
1995.0,Virtuosity,24047675 
1995.0,Tom and Huck,23920048 
1995.0,How to Make an American Quilt,23600020 
1995.0,Boys on the Side,23440188 
1995.0,Circle of Friends,23389975 
1995.0,The Usual Suspects,23341568 
1995.0,Don Juan DeMarco,22150451 
1995.0,The Postman,21848932 
1995.0,To Die For,21284695 
1995.0,Tales from the Crypt: Demon Knight,21089146 
1995.0,Showgirls,20350754 
1995.0,Sudden Death,20350171 
1995.0,Vampire in Brooklyn,19751736 
1995.0,It Takes Two,19474589 
1995.0,Johnny Mnemonic,19077036 
1995.0,The Quick and the Dead,18636537 
1995.0,The Big Green,17736619 
1995.0,Heavyweights,17689177 
1995.0,Home for the Holidays,17519169 
1995.0,Murder in the First,17381942 
1995.0,Viaggi di nozze,17142208 
1995.0,Jury Duty,17014653 
1995.0,Devil in a Blue Dress,16140822 
1995.0,The Prophecy,16115878 
1995.0,Across the Sea of Time,16015639 
1995.0,Muriel's Wedding,15482277 
1995.0,Mad Love,15453274 
1995.0,Halloween: The Curse of Michael Myers,15116634 
1995.0,Wings of Courage,15054636 
1995.0,Kiss of Death,14942422 
1995.0,Candyman: Farewell to the Flesh,13940383 
1995.0,Nixon,13681765 
1995.0,A Kid in King Arthur's Court,13406717 
1995.0,Lord of Illusions,13294422 
1995.0,Clockers,13071518 
1995.0,Highlander: The Final Dimension,12303080 
1995.0,Hideaway,12201255 
1995.0,Roommates,12096881 
1995.0,Bye Bye Love,12096673 
1995.0,Tales from the Hood,11837928 
1995.0,Far from Home: The Adventures of Yellow Dog,11642946 
1995.0,Fair Game,11534477 
1995.0,Balto,11348324 
1995.0,My Family/Mi familia,11079373 
1995.0,The Englishman Who Went Up a Hill But Came Down a Mountain,10904930 
1995.0,Dracula: Dead and Loving It,10772144 
1995.0,The Brothers McMullen,10426506 
1995.0,The Scarlet Letter,10382407 
1995.0,Cutthroat Island,10017322 
1995.0,A Little Princess,10015449 
1995.0,Jade,9851610 
1995.0,The Baby-Sitters Club,9685976 
1995.0,Village of the Damned,9418365 
1995.0,In the Mouth of Madness,8925757 
1995.0,Shallow Grave,8386118 
1995.0,Smoke,8367636 
1995.0,Tall Tale,8247627 
1995.0,Nick of Time,8175346 
1995.0,Strange Days,7959291 
1995.0,Unstrung Heroes,7929434 
1995.0,Bushwhacked,7919823 
1995.0,Losing Isaiah,7603766 
1995.0,Hackers,7563728 
1995.0,The Jerky Boys,7557877 
1995.0,The Amazing Panda Adventure,7506759 
1995.0,Kids,7412216 
1995.0,Three Wishes,7027517 
1995.0,Last of the Dogmen,7024389 
1995.0,Never Talk to Strangers,6858261 
1995.0,Panther,6834525 
1995.0,The Hunted,6609661 
1995.0,Mighty Aphrodite,6468498 
1995.0,The Secret of Roan Inish,6159269 
1995.0,Gold Diggers: The Secret of Bear Mountain,6029091 
1995.0,The Walking Dead,6014341 
1995.0,The Tie That Binds,5830454 
1995.0,Beyond Rangoon,5750110 
1995.0,Before Sunrise,5537238 
1995.0,Screen Two: Persuasion,5269757 
1995.0,Miami Rhapsody,5221281 
1995.0,Top Dog,5093707 
1995.0,Angus,4821759 
1995.0,National Lampoon's Senior Trip,4686937 
1995.0,Four Rooms,4257354 
1995.0,Exotica,4221036 
1995.0,Priest,4165845 
1995.0,Tank Girl,4064495 
1995.0,Belle de Jour,4037017 
1995.0,Restoration,4005941 
1995.0,Fluke,3987768 
1995.0,The Pebble and the Penguin,3983912 
1995.0,Gordy,3941146 
1995.0,White Man's Burden,3734870 
1995.0,Born to Be Wild,3730409 
1995.0,Bad Company,3674841 
1995.0,New Jersey Drive,3565508 
1995.0,Jeffrey,3487767 
1995.0,The Glass Shield,3291163 
1995.0,Carrington,3242342 
1995.0,Steal Big Steal Little,3150170 
1995.0,Crumb,3041083 
1995.0,Unzipped,2875086 
1995.0,Othello,2844379 
1995.0,The Perez Family,2832826 
1995.0,Dr. Jekyll and Ms. Hyde,2763020 
1995.0,The Show,2702578 
1995.0,Richard III,2684904 
1995.0,Magic in the Water,2680717 
1995.0,The Cure,2568425 
1995.0,Moonlight and Valentino,2484226 
1995.0,Jefferson in Paris,2473668 
1995.0,The Basketball Diaries,2381087 
1995.0,Burnt by the Sun,2302338 
1995.0,The Incredibly True Adventure of Two Girls in Love,2210408 
1995.0,Wild Bill,2193982 
1995.0,Mallrats,2122561 
1995.0,A Month by the Lake,2101087 
1995.0,Shanghai Triad,2086101 
1995.0,Strawberry & Chocolate,2084187 
1995.0,Endless Winter,1966454 
1995.0,The City of Lost Children,1781750 
1995.0,The Mangler,1781383 
1995.0,Once Were Warriors,1608610 
1995.0,Farinelli,1573411 
1995.0,The Horseman on the Roof,1320043 
1995.0,Blue in the Face,1268636 
1995.0,Picture Bride,1238905 
1995.0,Destiny Turns on the Radio,1176982 
1995.0,La seconda volta,1151013 
1995.0,Mute Witness,1125910 
1995.0,Living in Oblivion,1111790 
1996.0,Independence Day,306172558 
1996.0,Twister,241721524 
1996.0,Mission: Impossible,180981856 
1996.0,Jerry Maguire,153952627 
1996.0,Ransom,136492681 
1996.0,101 Dalmatians,136189294 
1996.0,The Rock,134069511 
1996.0,The Nutty Professor,128814019 
1996.0,The Birdcage,124060892 
1996.0,A Time to Kill,108766007 
1996.0,The First Wives Club,105489203 
1996.0,Phenomenon,104636382 
1996.0,Scream,103067302 
1996.0,Eraser,101295562 
1996.0,The Hunchback of Notre Dame,100138851 
1996.0,Michael,95318203 
1996.0,Star Trek: First Contact,92027888 
1996.0,Space Jam,90418342 
1996.0,The English Patient,78676425 
1996.0,Broken Arrow,70770147 
1996.0,Evita,68265837 
1996.0,Beavis and Butt-Head Do America,63118386 
1996.0,Jingle All the Way,60592389 
1996.0,The Cable Guy,60240295 
1996.0,Courage Under Fire,59031057 
1996.0,Jack,58620973 
1996.0,Executive Decision,56569216 
1996.0,Primal Fear,56116183 
1996.0,Tin Cup,53854588 
1996.0,Sleepers,53315285 
1996.0,DragonHeart,51367375 
1996.0,Up Close & Personal,51088705 
1996.0,The Preacher's Wife,48102795 
1996.0,Romeo + Juliet,46351345 
1996.0,One Fine Day,46151454 
1996.0,The Mirror Has Two Faces,41083864 
1996.0,Happy Gilmore,38824099 
1996.0,The Ghost and the Darkness,38619405 
1996.0,Mars Attacks!,37771017 
1996.0,Set It Off,36461139 
1996.0,Shine,35999081 
1996.0,The Truth About Cats & Dogs,34861807 
1996.0,A Thin Line Between Love and Hate,34767836 
1996.0,Muppet Treasure Island,34327391 
1996.0,Matilda,33460126 
1996.0,The Long Kiss Goodnight,33447612 
1996.0,Striptease,33109743 
1996.0,Daylight,33023469 
1996.0,Homeward Bound II: Lost in San Francisco,32772492 
1996.0,Black Sheep,32417995 
1996.0,Rumble in the Bronx,32392047 
1996.0,Eddie,31387164 
1996.0,Sgt. Bilko,30356793 
1996.0,James and the Giant Peach,28946127 
1996.0,The Island of Dr. Moreau,27663982 
1996.0,Spy Hard,26960191 
1996.0,Eye for an Eye,26877589 
1996.0,Harriet the Spy,26570048 
1996.0,First Kid,26491793 
1996.0,That Thing You Do!,25857416 
1996.0,From Dusk Till Dawn,25836684 
1996.0,Down Periscope,25785603 
1996.0,Escape from L.A.,25477365 
1996.0,Fly Away Home,25143818 
1996.0,Kingpin,25023434 
1996.0,The Craft,24823851 
1996.0,Fargo,24613089 
1996.0,Sling Blade,24444121 
1996.0,D3: The Mighty Ducks,22955097 
1996.0,The Juror,22754725 
1996.0,My Fellow Americans,22313201 
1996.0,Emma,22231658 
1996.0,The Quest,21686547 
1996.0,Bulletproof,21576954 
1996.0,A Very Brady Sequel,21440752 
1996.0,High School High,21302121 
1996.0,Chain Reaction,21226204 
1996.0,Multiplicity,21075014 
1996.0,Oliver & Company 1996 Re-release,20872291 
1996.0,Fear,20831000 
1996.0,The Glimmer Man,20351264 
1996.0,City Hall,20340204 
1996.0,The People vs. Larry Flynt,20300385 
1996.0,Don't Be a Menace to South Central While Drinking Your Juice in the Hood,20109115 
1996.0,Flipper,20080020 
1996.0,Mother,19145198 
1996.0,Bed of Roses,19030691 
1996.0,Kazaam,18937262 
1996.0,The Fan,18626419 
1996.0,Last Man Standing,18115927 
1996.0,The Crow: City of Angels,17917287 
1996.0,Extreme Measures,17380126 
1996.0,The Phantom,17323326 
1996.0,Fled,17193231 
1996.0,Diabolique,17100266 
1996.0,The Frighteners,16759216 
1996.0,Trainspotting,16491080 
1996.0,Supercop,16270600 
1996.0,Thinner,15315484 
1996.0,The Adventures of Pinocchio,15094530 
1996.0,The Substitute,14818176 
1996.0,Flirting with Disaster,14702438 
1996.0,The Chamber,14551359 
1996.0,Maximum Risk,14502483 
1996.0,In Love and War,14481231 
1996.0,The Arrival,14063331 
1996.0,Bio-Dome,13427615 
1996.0,Secrets & Lies,13417292 
1996.0,Ghosts of Mississippi,13323144 
1996.0,The Associate,12844057 
1996.0,Mr. Wrong,12825141 
1996.0,Marvin's Room,12803305 
1996.0,The Evening Star,12767815 
1996.0,The Spitfire Grill,12658486 
1996.0,Lone Star,12408986 
1996.0,Big Night,12009094 
1996.0,Alaska,11829959 
1996.0,Mulholland Falls,11526099 
1996.0,2 Days in the Valley,11132210 
1996.0,Michael Collins,11092559 
1996.0,Two If by Sea,10658278 
1996.0,Beautiful Girls,10597759 
1996.0,White Squall,10292300 
1996.0,Sunset Park,10163782 
1996.0,A Family Thing,10125417 
1996.0,Mrs. Winterbourne,10082005 
1996.0,Dunston Checks In,9871065 
1996.0,Everyone Says I Love You,9759200 
1996.0,She's the One,9538948 
1996.0,Hellraiser: Bloodline,9336886 
1996.0,Celtic Pride,9255027 
1996.0,Before and After,8797839 
1996.0,All Dogs Go to Heaven 2,8620678 
1996.0,The Rich Man's Wife,8543587 
1996.0,Larger Than Life,8315693 
1996.0,The Great White Hype,8008255 
1996.0,The Crucible,7343114 
1996.0,Dear God,7138523 
1996.0,House Arrest,7032782 
1996.0,Last Dance,5939449 
1996.0,Bordello of Blood,5781045 
1996.0,Get on the Bus,5754249 
1996.0,Screamers,5711695 
1996.0,Mary Reilly,5707094 
1996.0,Cold Comfort Farm,5682429 
1996.0,The Pallbearer,5656388 
1996.0,Jane Eyre,5200601 
1996.0,Solo,5107669 
1996.0,Heaven's Prisoners,5009305 
1996.0,Girl 6,4939939 
1996.0,Stealing Beauty,4762310 
1996.0,Hamlet,4739189 
1996.0,Joe's Apartment,4619014 
1996.0,Welcome to the Dollhouse,4569882 
1996.0,Swingers,4555020 
1996.0,Ed,4422380 
1996.0,Bogus,4357406 
1996.0,Antonia's Line,4249321 
1996.0,To Gillian on Her 37th Birthday,4189233 
1996.0,Breaking the Waves,3803298 
1996.0,Bound,3802260 
1996.0,Barb Wire,3793614 
1996.0,Original Gangstas,3718087 
1996.0,The Portrait of a Lady,3692836 
1996.0,The Trigger Effect,3622979 
1996.0,Moll Flanders,3486957 
1996.0,Angels and Insects,3414301 
1996.0,Carpool,3325651 
1996.0,Feeling Minnesota,3124440 
1996.0,Basquiat,3011195 
1996.0,Unforgettable,2821671 
1996.0,When We Were Kings,2789985 
1996.0,Crash,2664812 
1996.0,Kids in the Hall: Brain Candy,2654308 
1996.0,The Stupids,2491989 
1996.0,If Lucy Fell,2420162 
1996.0,Lawnmower Man 2: Beyond Cyberspace,2409225 
1996.0,Once Upon a Time... When We Were Colored,2291255 
1996.0,Palermo-Milan One Way,2269305 
1996.0,Faithful,2104439 
1996.0,Snowriders,2068490 
1996.0,Big Bully,2042530 
1996.0,Surviving Picasso,2021348 
1996.0,Ridicule,1979768 
1996.0,Vertigo 1996 Restored 70mm,1967552 
1996.0,Race the Sun,1945552 
1996.0,I Shot Andy Warhol,1875527 
1996.0,Beautiful Thing,1548120 
1996.0,Microcosmos,1433210 
1996.0,Looking for Richard,1408575 
1996.0,Chungking Express,1404373 
1996.0,The Celluloid Closet,1400591 
1996.0,Phat Beach,1383553 
1996.0,Kansas City,1356329 
1996.0,Nueba Yol 3: Bajo la nueva ley,1354652 
1996.0,Anne Frank Remembered,1310200 
1996.0,Walking and Talking,1287480 
1996.0,The Funeral,1227324 
1996.0,Two Much,1141556 
1996.0,Bad Moon,1055525 
1997.0,Titanic,1843373318 
1997.0,Bean,251212670 
1997.0,Men in Black,250690539 
1997.0,Batman & Robin,238225195 
1997.0,The Lost World: Jurassic Park,229086679 
1997.0,Liar Liar,181410615 
1997.0,Air Force One,172956409 
1997.0,Speed 2: Cruise Control,164508066 
1997.0,As Good as It Gets,148478011 
1997.0,Good Will Hunting,138433435 
1997.0,Star Wars: Episode IV - A New Hope 1997 Special Edition,138257865 
1997.0,My Best Friend's Wedding,127131755 
1997.0,Tomorrow Never Dies,125304452 
1997.0,Face/Off,112277322 
1997.0,George of the Jungle,105263257 
1997.0,Scream 2,101363301 
1997.0,Con Air,101142012 
1997.0,Contact,100920329 
1997.0,Hercules,99112101 
1997.0,Flubber,92977226 
1997.0,Star Wars: Episode VI - Return of the Jedi 1997 Special Edition,89388357 
1997.0,Conspiracy Theory,75982834 
1997.0,I Know What You Did Last Summer,72587919 
1997.0,Star Wars: Episode V - The Empire Strikes Back 1997 Special Edition,67597694 
1997.0,Dante's Peak,67127760 
1997.0,Anaconda,65885767 
1997.0,L.A. Confidential,64616940 
1997.0,In & Out,63856929 
1997.0,The Fifth Element,63820180 
1997.0,Mousehunt,61917389 
1997.0,The Saint,61363304 
1997.0,The Devil's Advocate,60944660 
1997.0,Kiss the Girls,60527873 
1997.0,Jungle 2 Jungle,59927618 
1997.0,Anastasia,58406347 
1997.0,The Jackal,54930280 
1997.0,Spawn,54870175 
1997.0,Starship Troopers,54814377 
1997.0,Austin Powers: International Man of Mystery,53883989 
1997.0,Breakdown,50159144 
1997.0,Absolute Power,50068310 
1997.0,Volcano,49323620 
1997.0,The Game,48323859 
1997.0,G.I. Jane,48169156 
1997.0,Alien: Resurrection,47795658 
1997.0,The Full Monty,46163699 
1997.0,The Rainmaker,45916769 
1997.0,Cop Land,44862187 
1997.0,Nothing to Lose,44480039 
1997.0,Amistad,44229441 
1997.0,Soul Food,43700855 
1997.0,Wag the Dog,43061945 
1997.0,The Devil's Own,42868348 
1997.0,Donnie Brasco,41909762 
1997.0,The Peacemaker,41263140 
1997.0,Private Parts,41230799 
1997.0,Money Talks,40922619 
1997.0,Jackie Brown,39691613 
1997.0,Seven Years in Tibet,37957682 
1997.0,Vegas Vacation,36400360 
1997.0,Mortal Kombat: Annihilation,35927406 
1997.0,Selena,35281794 
1997.0,Addicted to Love,34673095 
1997.0,The Relic,33956608 
1997.0,Metro,32000301 
1997.0,For Richer or Poorer,31642995 
1997.0,Beverly Hills Ninja,31480418 
1997.0,Picture Perfect,31407873 
1997.0,Home Alone 3,30882515 
1997.0,Fools Rush In,29481428 
1997.0,Romy and Michele's High School Reunion,29235353 
1997.0,Out to Sea,29022252 
1997.0,Fathers' Day,28598376 
1997.0,Grosse Pointe Blank,28084357 
1997.0,The Edge,27873386 
1997.0,The Little Mermaid 1997 Re-release,27187616 
1997.0,Event Horizon,26673242 
1997.0,An American Werewolf in Paris,26570463 
1997.0,Boogie Nights,26400726 
1997.0,Murder at 1600,25804707 
1997.0,Mimic,25480490 
1997.0,Midnight in the Garden of Good and Evil,25105255 
1997.0,Good Burger,23712993 
1997.0,Hoodlum,23499102 
1997.0,Air Bud,23144499 
1997.0,Red Corner,22459274 
1997.0,Mr. Magoo,21437192 
1997.0,Booty Call,20050376 
1997.0,The Apostle,19868354 
1997.0,Gone Fishin',19745922 
1997.0,Thrill Ride: The Science of Fun,18798590 
1997.0,That Darn Cat,18301610 
1997.0,The Postman,17626234 
1997.0,That Old Feeling,16574176 
1997.0,Fire Down Below,16228448 
1997.0,Wishmaster,15738769 
1997.0,RocketMan,15448043 
1997.0,First Strike,15318863 
1997.0,Eve's Bayou,14842388 
1997.0,The Sixth Man,14772788 
1997.0,Excess Baggage,14515490 
1997.0,FairyTale: A True Story,14059077 
1997.0,How to Be a Player,14009368 
1997.0,The Man Who Knew Too Little,13717039 
1997.0,The Wings of the Dove,13692848 
1997.0,Trial and Error,13602831 
1997.0,Rosewood,13130349 
1997.0,Gattaca,12532777 
1997.0,Love Jones,12479335 
1997.0,Chasing Amy,12021272 
1997.0,Turbulence,11538235 
1997.0,The Beautician and the Beast,11486880 
1997.0,Double Team,11438337 
1997.0,Leave It to Beaver,10925060 
1997.0,Deconstructing Harry,10686841 
1997.0,Mad City,10541523 
1997.0,Armour of God 2: Operation Condor,10405394 
1997.0,Buddy,10113400 
1997.0,Night Falls on Manhattan,9889670 
1997.0,Shall We Dance?,9499091 
1997.0,Fierce Creatures,9381260 
1997.0,Mrs. Brown,9229808 
1997.0,Ulee's Gold,9161691 
1997.0,Turbo: A Power Rangers Movie,8363899 
1997.0,A Simple Wish,8345056 
1997.0,The Ice Storm,8038061 
1997.0,A Thousand Acres,7936780 
1997.0,Sprung,7575028 
1997.0,Wild America,7342923 
1997.0,She's So Lovely,7281450 
1997.0,B*A*P*S,7246735 
1997.0,Zeus and Roxanne,7233324 
1997.0,U Turn,6682098 
1997.0,Warriors of Virtue,6524620 
1997.0,Switchback,6492660 
1997.0,Most Wanted,6391946 
1997.0,Kull the Conqueror,6112613 
1997.0,The Boxer,5980578 
1997.0,Inventing the Abbotts,5936344 
1997.0,Gang Related,5906773 
1997.0,Kolya,5770254 
1997.0,One Eight Seven,5727130 
1997.0,Kundun,5684789 
1997.0,Gridlock'd,5571205 
1997.0,Dangerous Ground,5303931 
1997.0,Les Boys,4602341 
1997.0,McHale's Navy,4529843 
1997.0,A Life Less Ordinary,4366722 
1997.0,Playing God,4166918 
1997.0,Kama Sutra: A Tale of Love,4109095 
1997.0,Meet Wally Sparks,4073582 
1997.0,Lost Highway,3756928 
1997.0,8 Heads in a Duffel Bag,3602884 
1997.0,The Pest,3600616 
1997.0,Cats Don't Dance,3566637 
1997.0,'Til There Was You,3525125 
1997.0,Free Willy 3: The Rescue,3446539 
1997.0,The MatchMaker,3392080 
1997.0,A Smile Like Yours,3330352 
1997.0,The Sweet Hereafter,3263585 
1997.0,Love! Valour! Compassion!,2977807 
1997.0,Waiting for Guffman,2923982 
1997.0,In the Company of Men,2804473 
1997.0,One Night Stand,2642983 
1997.0,Brassed Off,2576331 
1997.0,Afterglow,2465960 
1997.0,Career Girls,2416734 
1997.0,Smilla's Sense of Snow,2372903 
1997.0,The Pillow Book,2372744 
1997.0,Shadow Conspiracy,2312463 
1997.0,Snowriders II,2287639 
1997.0,Ma vie en rose,2162043 
1997.0,The Daytrippers,2099677 
1997.0,Paradise Road,2007100 
1997.0,Masterminds,1935539 
1997.0,"Kiss Me, Guido",1918497 
1997.0,Washington Square,1851761 
1997.0,Steel,1801972 
1997.0,Rhyme & Reason,1608277 
1997.0,City of Industry,1568258 
1997.0,When the Cat's Away,1474628 
1997.0,Ponette,1300377 
1997.0,The Godfather 1997 Re-release,1267490 
1997.0,Temptress Moon,1100788 
1997.0,Blood and Wine,1094668 
1997.0,The Tango Lesson,1080192 
1997.0,Twin Town,1039093 
1997.0,Shiloh,1007822 
1997.0,Female Perversions,926954 
1997.0,When Night Is Falling,919671 
1997.0,Guantanamera,903840 
1997.0,"Fast, Cheap & Out of Control",878960 
1997.0,The Winter Guest,870290 
1997.0,Anna Karenina,858553 
1997.0,Children of the Revolution,838368 
1997.0,Dirty Dancing 1997 Re-release,817925 
1997.0,Kiss or Kill,796681 
1997.0,Prisoner of the Mountains,790078 
1997.0,Box of Moonlight,782641 
1997.0,Happy Together,715610 
1998.0,Armageddon,553709788 
1998.0,Saving Private Ryan,481840909 
1998.0,Godzilla,379014294 
1998.0,There's Something About Mary,369884651 
1998.0,A Bug's Life,363258859 
1998.0,Mulan,304320254 
1998.0,Doctor Dolittle,294456605 
1998.0,Shakespeare in Love,289317794 
1998.0,Lethal Weapon 4,285444603 
1998.0,The Truman Show,264118201 
1998.0,Enemy of the State,250849789 
1998.0,You've Got Mail,250821495 
1998.0,The Mask of Zorro,250288523 
1998.0,Rush Hour,244386864 
1998.0,Life Is Beautiful,228847384 
1998.0,The Prince of Egypt,218613188 
1998.0,Patch Adams,202292902 
1998.0,City of Angels,198685114 
1998.0,The Horse Whisperer,186883563 
1998.0,The Waterboy,185991646 
1998.0,The Man in the Iron Mask,182968902 
1998.0,Antz,171757863 
1998.0,Six Days Seven Nights,164839294 
1998.0,Stepmom,159710793 
1998.0,Meet Joe Black,142940100 
1998.0,The Rugrats Movie,140894675 
1998.0,Deep Impact,140694752 
1998.0,Lost in Space,136159423 
1998.0,Blade,131183530 
1998.0,A Perfect Murder,128038368 
1998.0,The Wedding Singer,123306987 
1998.0,The Siege,116672912 
1998.0,Star Trek: Insurrection,112587658 
1998.0,T-Rex: Back to the Cretaceous,103960367 
1998.0,Snake Eyes,103891409 
1998.0,U.S. Marshals,102367405 
1998.0,Ever After: A Cinderella Story,98005666 
1998.0,Mercury Rising,93107289 
1998.0,The Parent Trap,92108518 
1998.0,The X Files,87535637 
1998.0,Everest,87178599 
1998.0,Elizabeth,82150642 
1998.0,Hope Floats,81471882 
1998.0,Out of Sight,77745568 
1998.0,Urban Legend,72527595 
1998.0,Babe: Pig in the City,69131860 
1998.0,A Civil Action,56709981 
1998.0,Great Expectations,55494066 
1998.0,What Dreams May Come,55382927 
1998.0,Waking Ned Devine,55257450 
1998.0,Halloween H20: 20 Years Later,55041738 
1998.0,Small Soldiers,54682547 
1998.0,Primary Colors,52090187 
1998.0,Bride of Chucky,50688658 
1998.0,Mighty Joe Young,50632037 
1998.0,Pleasantville,49805462 
1998.0,The Big Lebowski,47409582 
1998.0,The Object of My Affection,46905889 
1998.0,Practical Magic,46733235 
1998.0,Mysteries of Egypt,44703731 
1998.0,The Negotiator,44547681 
1998.0,Ronin,41616262 
1998.0,The Faculty,40283321 
1998.0,I Still Know What You Did Last Summer,40002112 
1998.0,The Thin Red Line,39873111 
1998.0,How Stella Got Her Groove Back,39278722 
1998.0,Psycho,37170655 
1998.0,Sphere,37020277 
1998.0,Jack Frost,34562556 
1998.0,A Night at the Roxbury,30331740 
1998.0,Wild Things,30147739 
1998.0,Madeline,29967750 
1998.0,Spice World,29344278 
1998.0,Bulworth,29202884 
1998.0,Grease 1998 Re-release,28411018 
1998.0,Dark City,27200316 
1998.0,The Big Hit,27007143 
1998.0,Paulie,26875268 
1998.0,One True Thing,26616840 
1998.0,Can't Hardly Wait,25605015 
1998.0,Fallen,25232289 
1998.0,American History X,23875127 
1998.0,The Avengers,23384939 
1998.0,The Players Club,23261485 
1998.0,Rounders,22912409 
1998.0,Beloved,22852487 
1998.0,The Borrowers,22619589 
1998.0,Quest for Camelot,22510798 
1998.0,He Got Game,21567853 
1998.0,Vampires,20308772 
1998.0,Mafia!,19889299 
1998.0,Hard Rain,19870567 
1998.0,Species II,19221939 
1998.0,The Replacement Killers,19204929 
1998.0,The Odd Couple II,18912328 
1998.0,Mr. Nice Guy,18814720 
1998.0,Simon Birch,18253415 
1998.0,Disturbing Behavior,17514980 
1998.0,Half Baked,17460020 
1998.0,Rushmore,17105219 
1998.0,54,16757163 
1998.0,A Simple Plan,16316273 
1998.0,Dance with Me,15923122 
1998.0,Living Out Loud,15610299 
1998.0,Dead Man on Campus,15064946 
1998.0,Twilight,15055091 
1998.0,The Wizard of Oz 1998 Re-release,14836984 
1998.0,Soldier,14594226 
1998.0,Les Misérables,14096321 
1998.0,Blues Brothers 2000,14051384 
1998.0,Desperate Measures,13806137 
1998.0,Hush,13605304 
1998.0,Africa's Elephant Kingdom,13485455 
1998.0,Black Dog,12951088 
1998.0,Senseless,12874899 
1998.0,Why Do Fools Fall in Love,12461773 
1998.0,Barney's Great Adventure,12218638 
1998.0,I'll Be Home for Christmas,12214338 
1998.0,Holy Man,12069719 
1998.0,Sliding Doors,11841544 
1998.0,Deep Rising,11203026 
1998.0,Fear and Loathing in Las Vegas,10680275 
1998.0,Home Fries,10493366 
1998.0,The Newton Boys,10452012 
1998.0,Knock Off,10319915 
1998.0,I Got the Hook Up,10317779 
1998.0,Air Bud: Golden Receiver,10224116 
1998.0,Dirty Work,10023282 
1998.0,The Red Violin,10019109 
1998.0,Very Bad Things,9898412 
1998.0,Belly,9639390 
1998.0,Wrongfully Accused,9623329 
1998.0,The Spanish Prisoner,9584314 
1998.0,Ringmaster,9257103 
1998.0,Apt Pupil,8863193 
1998.0,Return to Paradise,8341087 
1998.0,Woo,8165984 
1998.0,Firestorm,8165212 
1998.0,My Giant,8072007 
1998.0,Krippendorf's Tribe,7571115 
1998.0,Star Kid,7029025 
1998.0,BASEketball,7027290 
1998.0,Caught Up,6754958 
1998.0,Gone with the Wind 1998 Re-release,6750112 
1998.0,Smoke Signals,6745362 
1998.0,Gods and Monsters,6451628 
1998.0,Affliction,6330054 
1998.0,Almost Heroes,6136856 
1998.0,Les Boys II,5974732 
1998.0,Central Station,5969553 
1998.0,The Opposite of Sex,5881367 
1998.0,Palmetto,5878911 
1998.0,Down in the Delta,5672903 
1998.0,Phantoms,5624282 
1998.0,Slums of Beverly Hills,5502773 
1998.0,Ride,5485295 
1998.0,Celebrity,5078660 
1998.0,Hilary and Jackie,4912892 
1998.0,Your Friends and Neighbors,4714658 
1998.0,Little Voice,4611784 
1998.0,Dangerous Beauty,4553271 
1998.0,Meet the Deedles,4356216 
1998.0,Kissing a Fool,4106588 
1998.0,The Governess,3719509 
1998.0,Major League: Back to the Minors,3572443 
1998.0,Next Stop Wonderland,3395581 
1998.0,Mrs Dalloway,3309421 
1998.0,Pi,3221152 
1998.0,The Last Days of Disco,3020601 
1998.0,Happiness,2982321 
1998.0,Freeriders,2750064 
1998.0,The Mighty,2652246 
1998.0,Love and Death on Long Island,2581012 
1998.0,Buffalo '66,2375097 
1998.0,Mark Twain's America in,2297096 
1998.0,Dancing at Lughnasa,2287818 
1998.0,Hav Plenty,2284034 
1998.0,Pecker,2281761 
1998.0,Touch of Evil 1998 Re-release,2247465 
1998.0,The Impostors,2198044 
1998.0,Chinese Box,2178160 
1998.0,Tarzan and the Lost City,2172941 
1998.0,Wilde,2158775 
1998.0,Zero Effect,2087471 
1998.0,Billy's Hollywood Screen Kiss,2070399 
1998.0,Two Girls and a Guy,2057193 
1998.0,The Butcher Boy,1995911 
1998.0,High Art,1960216 
1998.0,Oscar and Lucinda,1897404 
1998.0,Hurlyburly,1798862 
1998.0,Clay Pigeons,1794086 
1998.0,A Soldier's Daughter Never Cries,1782005 
1998.0,Suicide Kings,1740156 
1998.0,Live Flesh,1713459 
1998.0,The Gingerbread Man,1677131 
1998.0,The Celebration,1657778 
1998.0,In God's Hands,1546414 
1998.0,Henry Fool,1338335 
1998.0,Cousin Bette,1295194 
1998.0,One Tough Cop,1223034 
1999.0,Star Wars: Episode I - The Phantom Menace,924305084 
1999.0,The Sixth Sense,672806292 
1999.0,Toy Story 2,487059677 
1999.0,The Matrix,463517383 
1999.0,Tarzan,448191819 
1999.0,American Beauty,356296601 
1999.0,Runaway Bride,309460292 
1999.0,Stuart Little,300135367 
1999.0,The Green Mile,286801374 
1999.0,The Blair Witch Project,248639099 
1999.0,American Pie,235483004 
1999.0,Big Daddy,234801895 
1999.0,Wild Wild West,222104681 
1999.0,Entrapment,212404396 
1999.0,End of Days,211989043 
1999.0,Austin Powers: The Spy Who Shagged Me,206756056 
1999.0,Sleepy Hollow,206071502 
1999.0,Double Jeopardy,177841558 
1999.0,The Haunting,177311151 
1999.0,Analyze This,176885658 
1999.0,Deep Blue Sea,164648142 
1999.0,Pokémon: The First Movie - Mewtwo Strikes Back,163644662 
1999.0,Eyes Wide Shut,162091208 
1999.0,Payback,161626121 
1999.0,Princess Mononoke,159414369 
1999.0,The Mummy,155696550 
1999.0,The Bone Collector,151493655 
1999.0,The General's Daughter,149705852 
1999.0,Inspector Gadget,134403112 
1999.0,The Talented Mr. Ripley,128798265 
1999.0,The World Is Not Enough,126943746 
1999.0,The Thomas Crown Affair,124305181 
1999.0,Notting Hill,124221982 
1999.0,Message in a Bottle,118880016 
1999.0,Blue Streak,117758500 
1999.0,Anna and the King,113996937 
1999.0,Three Kings,107752036 
1999.0,She's All That,103166989 
1999.0,Fight Club,100853753 
1999.0,Any Given Sunday,100230832 
1999.0,Bowfinger,98625775 
1999.0,8MM,96618699 
1999.0,Forces of Nature,93900680 
1999.0,Deuce Bigalow: Male Gigolo,92938755 
1999.0,Galaxy Quest,90683916 
1999.0,Stigmata,89446268 
1999.0,The Cider House Rules,88545092 
1999.0,Bicentennial Man,87423861 
1999.0,Never Been Kissed,84565230 
1999.0,"South Park: Bigger, Longer & Uncut",83137603 
1999.0,Cruel Intentions,75902208 
1999.0,Random Hearts,74608570 
1999.0,The Hurricane,73956241 
1999.0,Life,73475268 
1999.0,All About My Mother,67872296 
1999.0,The Messenger: The Story of Joan of Arc,66976317 
1999.0,The 13th Warrior,61698899 
1999.0,The Insider,60289912 
1999.0,The Story of Us,58900031 
1999.0,Lake Placid,56870414 
1999.0,Varsity Blues,54294169 
1999.0,Mickey Blue Eyes,54264342 
1999.0,10 Things I Hate About You,53478166 
1999.0,Magnolia,48451803 
1999.0,"Girl, Interrupted",48350205 
1999.0,Man on the Moon,47434430 
1999.0,For Love of the Game,46112640 
1999.0,House on Haunted Hill,42593455 
1999.0,Arlington Road,41067311 
1999.0,Blast from the Past,40263020 
1999.0,Encounter in the Third Dimension,38171557 
1999.0,The Bachelor,36911617 
1999.0,My Favorite Martian,36850101 
1999.0,Baby Geniuses,36450736 
1999.0,Edtv,35242897 
1999.0,October Sky,34698685 
1999.0,The Best Man,34573780 
1999.0,Instinct,34105207 
1999.0,Mystery Men,33461011 
1999.0,Dogma,31117471 
1999.0,Virus,30652005 
1999.0,Superstar,30636478 
1999.0,Galapagos,29349172 
1999.0,The Out-of-Towners,28544120 
1999.0,Go,28451622 
1999.0,The Deep End of the Ocean,28121100 
1999.0,The Other Sister,27807627 
1999.0,The Wood,25059640 
1999.0,The Corruptor,24493601 
1999.0,Alien Adventure,24074680 
1999.0,Anywhere But Here,23631929 
1999.0,The Iron Giant,23159955 
1999.0,Being John Malkovich,23106795 
1999.0,Snow Falling on Cedars,23049593 
1999.0,Buena Vista Social Club,23002182 
1999.0,Drive Me Crazy,22593409 
1999.0,At First Sight,22365133 
1999.0,Muppets from Space,22323612 
1999.0,Stir of Echoes,21142914 
1999.0,The Legend of 1900,20678716 
1999.0,The Astronaut's Wife,19598588 
1999.0,Doug's 1st Movie,19440089 
1999.0,Summer of Sam,19288130 
1999.0,The Thirteenth Floor,18564088 
1999.0,An Ideal Husband,18542974 
1999.0,The Rage: Carrie 2,17762705 
1999.0,Eye of the Beholder,17589705 
1999.0,Bringing Out the Dead,16797709 
1999.0,Extreme,16653175 
1999.0,True Crime,16649768 
1999.0,A Midsummer Night's Dream,16071990 
1999.0,Election,14902204 
1999.0,Music of the Heart,14859394 
1999.0,Tea with Mussolini,14401563 
1999.0,In Too Deep,14011454 
1999.0,The Mod Squad,13263993 
1999.0,Angela's Ashes,13042112 
1999.0,Sun Alley,12891924 
1999.0,The Omega Code,12614346 
1999.0,Black Mask,12504289 
1999.0,In Dreams,12017369 
1999.0,The King and I,11993021 
1999.0,Chill Factor,11788676 
1999.0,The Adventures of Elmo in Grouchland,11683047 
1999.0,The Muse,11614954 
1999.0,Wing Commander,11578059 
1999.0,Boys Don't Cry,11540607 
1999.0,Cookie's Fortune,10920544 
1999.0,The End of the Affair,10827816 
1999.0,Office Space,10827810 
1999.0,Universal Soldier: The Return,10667893 
1999.0,Island of the Sharks,10658505 
1999.0,Drop Dead Gorgeous,10571408 
1999.0,Three to Tango,10570375 
1999.0,Bats,10155690 
1999.0,Brokedown Palace,10115013 
1999.0,Dudley Do-Right,9974410 
1999.0,The Love Letter,9139145 
1999.0,Trippin',9017070 
1999.0,Teaching Mrs. Tingle,8951935 
1999.0,"Mystery, Alaska",8891623 
1999.0,Play It to the Bone,8678812 
1999.0,Pushing Tin,8408835 
1999.0,Twin Dragons,8359717 
1999.0,Sunshine,7607860 
1999.0,Outside Providence,7302522 
1999.0,Run Lola Run,7272637 
1999.0,200 Cigarettes,6852450 
1999.0,Lost & Found,6552255 
1999.0,The Straight Story,6417007 
1999.0,Dick,6262878 
1999.0,Topsy-Turvy,6208548 
1999.0,Foolish,6033999 
1999.0,Light It Up,5985690 
1999.0,Siegfried & Roy: The Magic Box,5231283 
1999.0,Jakob the Liar,4956401 
1999.0,Wolves,4811282 
1999.0,Mansfield Park,4775847 
1999.0,A Walk on the Moon,4750660 
1999.0,Mumford,4555459 
1999.0,Sweet and Lowdown,4525794 
1999.0,Flawless,4488529 
1999.0,Simply Irresistible,4398989 
1999.0,Detroit Rock City,4217115 
1999.0,Gloria,4197729 
1999.0,Idle Hands,4152230 
1999.0,Le Dîner de Cons,4071548 
1999.0,Playing by Heart,3970078 
1999.0,The Winslow Boy,3957934 
1999.0,"Lock, Stock and Two Smoking Barrels",3753929 
1999.0,Liberty Heights,3736868 
1999.0,Fifty,3328240 
1999.0,Elvis Gratton II: Miracle à Memphis,3316272 
1999.0,Train of Life,3311162 
1999.0,The Limey,3204663 
1999.0,Jawbreaker,3117085 
1999.0,Love Stinks,2924635 
1999.0,Cradle Will Rock,2903404 
1999.0,eXistenZ,2856712 
1999.0,Autumn Tale,2215467 
1999.0,A Dog of Flanders,2165637 
1999.0,Limbo,2160710 
1999.0,Trick,2087228 
1999.0,Ravenous,2062405 
1999.0,Beyond the Mat,2053648 
1999.0,Besieged,2048740 
1999.0,Wildfire: Feel the Heat,2040635 
1999.0,Three Seasons,2021698 
1999.0,Taal,2020532 
1999.0,Better Than Chocolate,2015406 
1999.0,Titus,2007290 
1999.0,Crazy in Alabama,2005840 
1999.0,Hum Saath-Saath Hain,2005094 
1999.0,"Happy, Texas",1955933 
1999.0,Goodbye Lover,1940299 
1999.0,Tango,1897948 
1999.0,Holy Smoke,1765545 
1999.0,The Dreamlife of Angels,1726567 
1999.0,Romance,1585642 
1999.0,Asterix and Obelix vs. Caesar,1541261 
2000.0,Mission: Impossible II,546388108 
2000.0,Gladiator,460583960 
2000.0,Cast Away,429632142 
2000.0,What Women Want,374111707 
2000.0,Dinosaur,349822765 
2000.0,How the Grinch Stole Christmas,345842198 
2000.0,Meet the Parents,330444045 
2000.0,The Perfect Storm,328718434 
2000.0,X-Men,296339528 
2000.0,What Lies Beneath,291420351 
2000.0,Scary Movie,278019771 
2000.0,Charlie's Angels,264105545 
2000.0,Erin Brockovich,256271286 
2000.0,Unbreakable,248118121 
2000.0,Gone in 60 Seconds,237202299 
2000.0,Chicken Run,224834564 
2000.0,Vertical Limit,215663859 
2000.0,The Patriot,215294342 
2000.0,"Crouching Tiger, Hidden Dragon",213525736 
2000.0,Miss Congeniality,212742720 
2000.0,Traffic,207515725 
2000.0,Hollow Man,190213455 
2000.0,102 Dalmatians,183611771 
2000.0,Big Momma's House,173959438 
2000.0,The Emperor's New Groove,169327687 
2000.0,Nutty Professor II: The Klumps,166339890 
2000.0,Scream 3,161834276 
2000.0,Chocolat,152699946 
2000.0,"Me, Myself & Irene",149270999 
2000.0,The Beach,144056873 
2000.0,Remember the Titans,136706683 
2000.0,Pokémon the Movie 2000,133949270 
2000.0,Space Cowboys,128884132 
2000.0,U-571,127666415 
2000.0,The Family Man,124745083 
2000.0,Road Trip,119754278 
2000.0,Coyote Ugly,113916474 
2000.0,Final Destination,112880294 
2000.0,The Exorcist 2000 Director's Cut,112053066 
2000.0,Mission to Mars,110983407 
2000.0,The Kid,110317580 
2000.0,Billy Elliot,109280263 
2000.0,Shaft,107196498 
2000.0,The Whole Nine Yards,106371651 
2000.0,The Cell,104155843 
2000.0,Rugrats in Paris,103291131 
2000.0,Shanghai Noon,99274467 
2000.0,The Tigger Movie,96159800 
2000.0,The 6th Day,96085477 
2000.0,Romeo Must Die,91036760 
2000.0,Fantasia 2000,90874570 
2000.0,Autumn in New York,90726668 
2000.0,Bring It On,90449929 
2000.0,Bedazzled,90383208 
2000.0,Snatch,83557872 
2000.0,Men of Honor,82343495 
2000.0,Finding Forrester,80049764 
2000.0,The Road to El Dorado,76432727 
2000.0,"Dude, Where's My Car?",73180723 
2000.0,"O Brother, Where Art Thou?",71868327 
2000.0,Rules of Engagement,71732303 
2000.0,Frequency,68106245 
2000.0,Thirteen Days,66579890 
2000.0,Proof of Life,62761005 
2000.0,Snow Day,62464731 
2000.0,28 Days,62198945 
2000.0,Taxi 2,60726164 
2000.0,Keeping the Faith,59945183 
2000.0,Next Friday,59827328 
2000.0,The Flintstones in Viva Rock Vegas,59468275 
2000.0,Little Nicky,58292295 
2000.0,Pay It Forward,55707411 
2000.0,Bounce,53425292 
2000.0,Pitch Black,53187659 
2000.0,Hanging Up,51880044 
2000.0,The Skulls,50802120 
2000.0,The Replacements,50054511 
2000.0,Book of Shadows: Blair Witch 2,47737094 
2000.0,Almost Famous,47383689 
2000.0,The Watcher,47267829 
2000.0,High Fidelity,47126295 
2000.0,Dracula 2000,47053625 
2000.0,The Gift,44567606 
2000.0,Where the Heart Is,40863718 
2000.0,Bless the Child,40443010 
2000.0,The Art of War,40400425 
2000.0,Dancer in the Dark,40031879 
2000.0,The Legend of Bagger Vance,39459427 
2000.0,Urban Legends: Final Cut,38574362 
2000.0,The Original Kings of Comedy,38182790 
2000.0,Titan A.E.,36754634 
2000.0,Return to Me,36609995 
2000.0,My Dog Skip,35547761 
2000.0,The Adventures of Rocky & Bullwinkle,35134820 
2000.0,American Psycho,34266564 
2000.0,Dungeons & Dragons,33978694 
2000.0,Red Planet,33463969 
2000.0,Wonder Boys,33426588 
2000.0,Reindeer Games,32168970 
2000.0,Lost Souls,31355910 
2000.0,Small Time Crooks,29934477 
2000.0,Battlefield Earth,29725663 
2000.0,Nurse Betty,29360400 
2000.0,Boiler Room,28780255 
2000.0,The Little Vampire,27965865 
2000.0,Love & Basketball,27728118 
2000.0,Cirque du Soleil: Journey of Man,27538359 
2000.0,Center Stage,26385941 
2000.0,Saving Grace,26330482 
2000.0,Boys and Girls,25850615 
2000.0,Down to You,24419914 
2000.0,The Next Best Thing,24362772 
2000.0,Dr. T & the Women,22844291 
2000.0,The Contender,22361811 
2000.0,Michael Jordan to the Max,21268532 
2000.0,Best in Show,20789556 
2000.0,Thomas and the Magic Railroad,19748009 
2000.0,Get Carter,19412993 
2000.0,The Ninth Gate,18661336 
2000.0,Loser,18404706 
2000.0,All the Pretty Horses,18133495 
2000.0,Quills,17989227 
2000.0,CyberWorld,16653900 
2000.0,Digimon: The Movie,16643191 
2000.0,The Dish,16575074 
2000.0,Italian for Beginners,16349568 
2000.0,Drowning Mona,15906764 
2000.0,Highlander: Endgame,15843608 
2000.0,Bait,15471969 
2000.0,Supernova,14828081 
2000.0,Malena,14493284 
2000.0,I Dreamed of Africa,14400327 
2000.0,What Planet Are You From?,14145677 
2000.0,The Ladies Man,13743212 
2000.0,Solarmax,13400161 
2000.0,The Crew,13105853 
2000.0,The Way of the Gun,13069740 
2000.0,In the Mood for Love,12854953 
2000.0,Gossip,12591270 
2000.0,Ready to Rumble,12452362 
2000.0,Drunken Master II,11555430 
2000.0,You Can Count on Me,11242521 
2000.0,Shadow of the Vampire,11155214 
2000.0,Lucky Numbers,10890222 
2000.0,Here on Earth,10873148 
2000.0,Pollock,10558970 
2000.0,Anatomy,10501958 
2000.0,The Virgin Suicides,10409377 
2000.0,Woman on Top,10194274 
2000.0,Godzilla 2000,10037390 
2000.0,Whatever It Takes,9902115 
2000.0,3 Strikes,9832166 
2000.0,Bread and Tulips,9719848 
2000.0,Ghost Dog: The Way of the Samurai,9380473 
2000.0,State and Main,9206279 
2000.0,Before Night Falls,8527517 
2000.0,Butterfly,7733894 
2000.0,Ants in the Pants,7625967 
2000.0,Requiem for a Dream,7390108 
2000.0,Where the Money Is,7243669 
2000.0,Screwed,7201701 
2000.0,Widow of St. Pierre,7193889 
2000.0,Croupier,7075068 
2000.0,Duets,6620242 
2000.0,Now or Never,5995963 
2000.0,Black & White,5541431 
2000.0,The in Crowd,5280035 
2000.0,The House of Mirth,5164404 
2000.0,Otto - Der Katastrofenfilm,5058355 
2000.0,Whipped,4775009 
2000.0,Held Up,4705631 
2000.0,The Jungle Book 2000 Re-release,4466472 
2000.0,The Tao of Steve,4406030 
2000.0,Mohabbatein,4279351 
2000.0,East Is East,4177818 
2000.0,Bossa Nova,4069261 
2000.0,Erkan & Stefan,4026949 
2000.0,Pettson & Findus - Katten och gubbens år,3920489 
2000.0,Up at the Villa,3740113 
2000.0,The Big Kahuna,3728888 
2000.0,Price of Glory,3548556 
2000.0,Gun Shy,3221280 
2000.0,Beautiful,3169930 
2000.0,Isn't She Great,3003296 
2000.0,No More School,2870533 
2000.0,Flickering Lights,2760019 
2000.0,The Color of Paradise,2724595 
2000.0,God's Army,2637726 
2000.0,But I'm a Cheerleader,2595216 
2000.0,Bamboozled,2463650 
2000.0,East/West,2321029 
2000.0,Shower,2150929 
2000.0,Left Luggage,2111280 
2000.0,Blood Simple 2000 Re-release,2068701 
2000.0,Marlene,2061924 
2000.0,Hamlet,2046433 
2000.0,The Broken Hearts Club: A Romantic Comedy,2019121 
2000.0,Cecil B. Demented,1961544 
2000.0,The Life and Times of Hank Greenberg,1712385 
2000.0,The Girl on the Bridge,1708839 
2001.0,Harry Potter and the Sorcerer's Stone,974755371 
2001.0,The Lord of the Rings: The Fellowship of the Ring,868385360 
2001.0,"Monsters, Inc.",528773250 
2001.0,Shrek,484596038 
2001.0,Ocean's Eleven,450717150 
2001.0,Pearl Harbor,449220945 
2001.0,The Mummy Returns,433013274 
2001.0,Jurassic Park III,368780809 
2001.0,Planet of the Apes,362211740 
2001.0,Hannibal,351692268 
2001.0,Rush Hour 2,347325802 
2001.0,A Beautiful Mind,313542341 
2001.0,American Pie 2,287553595 
2001.0,Bridget Jones's Diary,281929795 
2001.0,Spirited Away,274925095 
2001.0,Lara Croft: Tomb Raider,274703340 
2001.0,A.I. Artificial Intelligence,235926552 
2001.0,The Others,209947037 
2001.0,The Fast and the Furious,207283925 
2001.0,Vanilla Sky,203388341 
2001.0,Cats & Dogs,200687492 
2001.0,Atlantis: The Lost Empire,186053725 
2001.0,Moulin Rouge!,179213434 
2001.0,Dr. Dolittle 2,176104344 
2001.0,Amélie,173921954 
2001.0,Black Hawk Down,172989651 
2001.0,The Princess Diaries,165335153 
2001.0,Spy Kids,147934180 
2001.0,The Mexican,147845033 
2001.0,Swordfish,147080413 
2001.0,Spy Game,143049560 
2001.0,Legally Blonde,141774679 
2001.0,Scary Movie 2,141220678 
2001.0,Shallow Hal,141069860 
2001.0,America's Sweethearts,138307673 
2001.0,Save the Last Dance,131706809 
2001.0,A Knight's Tale,117487473 
2001.0,The Score,113579918 
2001.0,Along Came a Spider,105178561 
2001.0,Training Day,104876233 
2001.0,Jimmy Neutron: Boy Genius,102992536 
2001.0,Don't Say a Word,100020092 
2001.0,Evolution,98376292 
2001.0,I Am Sam,97818139 
2001.0,Enemy at the Gates,96976270 
2001.0,The Wedding Planner,94728529 
2001.0,Behind Enemy Lines,91753202 
2001.0,Gosford Park,87754044 
2001.0,Ali,87713825 
2001.0,Rat Race,85498534 
2001.0,Final Fantasy: The Spirits Within,85131830 
2001.0,The Animal,84772742 
2001.0,Blow,83282296 
2001.0,Exit Wounds,79958599 
2001.0,Serendipity,77516304 
2001.0,Kate & Leopold,76019048 
2001.0,Manitou's Shoe,75482094 
2001.0,From Hell,74558115 
2001.0,The One,72689126 
2001.0,The Royal Tenenbaums,71441250 
2001.0,Down to Earth,71186502 
2001.0,Brotherhood of the Wolf,70752904 
2001.0,Thir13en Ghosts,68467960 
2001.0,Pokémon 3 the Movie: Spell of the Unown,68411275 
2001.0,Bandits,67631903 
2001.0,Not Another Teen Movie,66468332 
2001.0,Sweet November,65754228 
2001.0,K-PAX,65001485 
2001.0,Kiss of the Dragon,64437847 
2001.0,Captain Corelli's Mandolin,62112895 
2001.0,Zoolander,60780981 
2001.0,The Crimson Rivers,60094966 
2001.0,Jeepers Creepers,59217789 
2001.0,Heartbreakers,57756408 
2001.0,15 Minutes,56359980 
2001.0,Driven,54744738 
2001.0,Domestic Disturbance,54249294 
2001.0,The Closet,50104745 
2001.0,Monster's Ball,44909486 
2001.0,Recess: School's Out,44460850 
2001.0,Hardball,44102389 
2001.0,In the Bedroom,43368779 
2001.0,See Spot Run,43057552 
2001.0,Shaolin Soccer,42776760 
2001.0,Black Knight,39976235 
2001.0,Memento,39723096 
2001.0,Crocodile Dundee in Los Angeles,39438674 
2001.0,Haunted Castle,39093166 
2001.0,Someone Like You,38689940 
2001.0,What's the Worst That Could Happen?,38464131 
2001.0,The Majestic,37317558 
2001.0,Valentine,36684136 
2001.0,Joy Ride,36642838 
2001.0,Riding in Cars with Boys,35743308 
2001.0,Original Sin,35402320 
2001.0,Jay and Silent Bob Strike Back,33788161 
2001.0,And Your Mother Too,33616692 
2001.0,The Musketeer,32533802 
2001.0,Double Take,31603059 
2001.0,How High,31283740 
2001.0,Beauty and the Beast 2000 IMAX Release,31033346 
2001.0,Joe Dirt,30987695 
2001.0,Hearts in Atlantis,30919415 
2001.0,Monsoon Wedding,30787356 
2001.0,Angel Eyes,29715606 
2001.0,The Pledge,29419291 
2001.0,Baby Boy,29381649 
2001.0,Heist,28510652 
2001.0,The Tailor of Panama,28008462 
2001.0,The Brothers,27958191 
2001.0,The Last Castle,27642707 
2001.0,Saving Silverman,26086706 
2001.0,Corky Romano,25272752 
2001.0,The Shipping News,24690441 
2001.0,Joe Somebody,24516772 
2001.0,Nowhere in Africa,24322180 
2001.0,Tanguy,24272365 
2001.0,Life as a House,23903791 
2001.0,The Glass House,23619609 
2001.0,Tomcats,23430766 
2001.0,Kingdom Come,23396049 
2001.0,Two Can Play That Game,22391450 
2001.0,Winged Migration,21493351 
2001.0,Amores Perros,20908467 
2001.0,Mulholland Drive,20117339 
2001.0,Himalaya 2001 Re-release,19960881 
2001.0,Crazy/Beautiful,19937988 
2001.0,Get Over It,19900366 
2001.0,Summer Catch,19772447 
2001.0,Shackleton's Antarctic Adventure,19613216 
2001.0,Rock Star,19334145 
2001.0,O,19260537 
2001.0,The Man Who Wasn't There,18916623 
2001.0,The Curse of the Jade Scorpion,18914307 
2001.0,3000 Miles to Graceland,18720175 
2001.0,Max Keeble's Big Move,18634654 
2001.0,"Godzilla, Mothra and King Ghidorah: Giant Monsters All-Out Attack",18623382 
2001.0,Antitrust,18195610 
2001.0,Jason X,16951798 
2001.0,Sugar & Spice,16908947 
2001.0,Just Visiting,16176732 
2001.0,Iris,16153953 
2001.0,Lantana,15747450 
2001.0,Enigma 2001 Re-release,15705007 
2001.0,With a Friend Like Harry...,15472186 
2001.0,Brother,15250594 
2001.0,Josie and the Pussycats,14866015 
2001.0,Out Cold,14782676 
2001.0,Iron Monkey,14694904 
2001.0,Together,14572229 
2001.0,Freddy Got Fingered,14333252 
2001.0,Osmosis Jones,14026418 
2001.0,Ghosts of Mars,14010832 
2001.0,American Outlaws,13678913 
2001.0,One Night at McCool's,13473370 
2001.0,Vidocq,13240767 
2001.0,Head Over Heels,13127022 
2001.0,Formula 51,12881605 
2001.0,The Girl from Paris,12812396 
2001.0,Apocalypse Now Redux,12543269 
2001.0,Say It Isn't So,12320393 
2001.0,The Son's Room,11767402 
2001.0,Les rois mages,11702020 
2001.0,The Experiment,11455141 
2001.0,Kabhi Khushi Kabhie Gham...,11329690 
2001.0,The Little Polar Bear,11243547 
2001.0,Inuyasha the Movie: Affections Touching Across Time,10539779 
2001.0,Town & Country,10372291 
2001.0,Wasabi,10366360 
2001.0,The Wash,10229331 
2001.0,Sexy Beast,10045677 
2001.0,Girls on Top,10038662 
2001.0,The Deep End,10031529 
2001.0,Mad Love,9306362 
2001.0,Kandahar,8914751 
2001.0,Son of the Bride,8772695 
2001.0,Ghost World,8764007 
2001.0,The Forsaken,8704851 
2001.0,Tini: The New Life of Violetta,8678476 
2001.0,The Prince and the Pirate,8579972 
2001.0,Bones,8378853 
2001.0,Merry Christmas,8228560 
2001.0,The Hole,7644361 
2001.0,Sex and Lucía,7640680 
2001.0,Monkeybone,7622365 
2001.0,Mean Machine,7310206 
2001.0,The Slurb,6854681 
2001.0,China: The Panda Adventure,6784985 
2001.0,The Road Home,6780490 
2001.0,The Piano Teacher,6749315 
2001.0,Under the Sand,6531687 
2001.0,The Devil's Backbone,6459020 
2001.0,Megiddo: The Omega Code 2,6047691 
2001.0,Chaos,6042938 
2001.0,Tom Thumb,5867304 
2001.0,The Golden Bowl,5753678 
2001.0,A Fish Tale,5595327 
2001.0,Made,5480653 
2001.0,Read My Lips,5393526 
2001.0,Charlotte Gray,5323109 
2002.0,The Lord of the Rings: The Two Towers,936703641 
2002.0,Harry Potter and the Chamber of Secrets,878979634 
2002.0,Spider-Man,821708551 
2002.0,Star Wars: Episode II - Attack of the Clones,645256452 
2002.0,Men in Black II,441818803 
2002.0,Die Another Day,431971116 
2002.0,Signs,408247917 
2002.0,Ice Age,383257136 
2002.0,My Big Fat Greek Wedding,368744044 
2002.0,Minority Report,358372926 
2002.0,Catch Me If You Can,352114312 
2002.0,Chicago,306776732 
2002.0,Austin Powers in Goldmember,296938801 
2002.0,xXx,277448382 
2002.0,Scooby-Doo,275650703 
2002.0,Lilo & Stitch,273144151 
2002.0,The Ring,249348933 
2002.0,8 Mile,242875078 
2002.0,The Bourne Identity,214034224 
2002.0,Red Dragon,209196298 
2002.0,Two Weeks Notice,199043242 
2002.0,Panic Room,196397415 
2002.0,The Sum of All Fears,193921372 
2002.0,Gangs of New York,193772504 
2002.0,Road to Perdition,181001478 
2002.0,Sweet Home Alabama,180622424 
2002.0,The Scorpion King,178799308 
2002.0,Hero,177395557 
2002.0,The Santa Clause 2,172855065 
2002.0,Mr. Deeds,171269535 
2002.0,Stuart Little 2,169956806 
2002.0,Blade II,155010032 
2002.0,Maid in Manhattan,154906693 
2002.0,About a Boy,130549455 
2002.0,Space Station 3D,128363881 
2002.0,The Time Machine,123729176 
2002.0,Spirit: Stallion of the Cimarron,122563539 
2002.0,The Pianist,120072577 
2002.0,Spy Kids 2: Island of Lost Dreams,119723358 
2002.0,Unfaithful,119137784 
2002.0,Snow Dogs,115035090 
2002.0,We Were Soldiers,114660784 
2002.0,Insomnia,113714830 
2002.0,Return to Never Land,109862682 
2002.0,Treasure Planet,109578115 
2002.0,The Hours,108846072 
2002.0,Asterix & Obelix: Mission Cleopatra,108012365 
2002.0,About Schmidt,105834556 
2002.0,The Tuxedo,104391623 
2002.0,Resident Evil,102984862 
2002.0,John Q,102244770 
2002.0,40 Days and 40 Nights,95146283 
2002.0,Changing Lanes,94935764 
2002.0,28 Days Later,82719885 
2002.0,Reign of Fire,82150183 
2002.0,The Rookie,80693537 
2002.0,Jackass: The Movie,79493831 
2002.0,Collateral Damage,78382433 
2002.0,Showtime,77741732 
2002.0,Windtalkers,77628265 
2002.0,Barbershop,77063924 
2002.0,Bend It Like Beckham,76583333 
2002.0,The Count of Monte Cristo,75395048 
2002.0,Divine Secrets of the Ya-Ya Sisterhood,73839240 
2002.0,E.T. the Extra-Terrestrial 20th Anniversary,69177751 
2002.0,The Sweetest Thing,68696770 
2002.0,Ghost Ship,68349884 
2002.0,Star Trek: Nemesis,67336470 
2002.0,Bad Company,65977295 
2002.0,K-19: The Widowmaker,65716126 
2002.0,High Crimes,63781810 
2002.0,Like Mike,62274780 
2002.0,Crossroads,61141030 
2002.0,The Wild Thornberrys,60694737 
2002.0,Bowling for Columbine,58008423 
2002.0,Drumline,57588485 
2002.0,Murder by Numbers,56714147 
2002.0,Frida,56298474 
2002.0,The Mothman Prophecies,55157539 
2002.0,Analyze That,55003135 
2002.0,The Hot Chick,54639553 
2002.0,The Cat Returns,53452680 
2002.0,Big Fat Liar,52970014 
2002.0,Dragonfly,52323400 
2002.0,One Hour Photo,52223306 
2002.0,Blue Crush,51843679 
2002.0,Enough,51806184 
2002.0,I Spy,51386477 
2002.0,Talk to Her 2002 Re-release,51001550 
2002.0,A Walk to Remember,47494916 
2002.0,Eight Legged Freaks,45867333 
2002.0,Queen of the Damned,45479110 
2002.0,The Transporter,43928932 
2002.0,The Master of Disguise,43411001 
2002.0,Orange County,43325009 
2002.0,8 Women,42426583 
2002.0,Undercover Brother,41604473 
2002.0,Pinocchio,41314585 
2002.0,Clockstoppers,38793283 
2002.0,National Lampoon's Van Wilder,38275483 
2002.0,The Banger Sisters,38068353 
2002.0,Halloween: Resurrection,37664855 
2002.0,Swimfan,34411240 
2002.0,Darkness,33988736 
2002.0,Friday After Next,33526835 
2002.0,The Crocodile Hunter: Collision Course,33082548 
2002.0,Confessions of a Dangerous Mind,33013805 
2002.0,Adaptation.,32801173 
2002.0,Hart's War,32287044 
2002.0,Blood Work,31794718 
2002.0,The New Guy,31167388 
2002.0,City of God,30641770 
2002.0,Solaris,30002758 
2002.0,The Four Feathers,29882645 
2002.0,City by the Sea,29414087 
2002.0,Christmas on the Nile,29320869 
2002.0,Far from Heaven,29027914 
2002.0,Family Honor,28903789 
2002.0,Brown Sugar,28316451 
2002.0,The Spanish Apartment,28193749 
2002.0,Pokemon 4Ever: Celebi - Voice of the Forest,28023563 
2002.0,The Quiet American,27674124 
2002.0,The Crime of Padre Amaro,26996738 
2002.0,All About the Benjamins,26306533 
2002.0,Rollerball,25852764 
2002.0,Jonah: A VeggieTales Movie,25615231 
2002.0,The Way Home,24952738 
2002.0,Punch-Drunk Love,24665649 
2002.0,The Guru,24128852 
2002.0,Dark Water,24010000 
2002.0,25th Hour,23928503 
2002.0,Sex Is Zero,23915279 
2002.0,Eight Crazy Nights,23833131 
2002.0,Detective Conan: The Phantom of Baker Street,23786606 
2002.0,Antwone Fisher,23367586 
2002.0,Ali G Indahouse,23280529 
2002.0,Super Troopers,23182223 
2002.0,"The Legend of Al, John and Jack",23039985 
2002.0,Phone,21784403 
2002.0,White Oleander,21672284 
2002.0,Pokémon Heroes,20867919 
2002.0,Serving Sara,20146150 
2002.0,Asterix & Obelix: Mission Cleopatra 2002 Re-release,20015611 
2002.0,Ballistic: Ecks vs. Sever,19924033 
2002.0,S1m0ne,19576023 
2002.0,The Lion King 2002 IMAX Release,19486215 
2002.0,Tuck Everlasting,19344615 
2002.0,Half Past Dead,19233280 
2002.0,Martin Lawrence Live: Runteldat,19184820 
2002.0,Feardotcom,18902015 
2002.0,Empire,18591272 
2002.0,The Country Bears,18012097 
2002.0,Jail Breakers,17797711 
2002.0,The Last Kiss,17720347 
2002.0,Frailty,17423030 
2002.0,The Importance of Being Earnest,17290970 
2002.0,Kung Pow: Enter the Fist,16994625 
2002.0,Dead Weight,16987957 
2002.0,Life or Something Like It,16872671 
2002.0,The Good Girl,16856124 
2002.0,Femme Fatale,16838910 
2002.0,They,16446271 
2002.0,The Powerpuff Girls Movie,16426471 
2002.0,The Magdalene Sisters,16373112 
2002.0,The Emperor's Club,16318449 
2002.0,Rabbit-Proof Fence,16217411 
2002.0,Birthday Girl,16171098 
2002.0,To Be and to Have,16063920 
2002.0,Doraemon: Nobita and the Robot Kingdom,16053687 
2002.0,Public Enemy,15897574 
2002.0,Hey Arnold! The Movie,15249308 
2002.0,Boat Trip,15020293 
2002.0,Undisputed,14946150 
2002.0,Possession,14815898 
2002.0,Hollywood Ending,14569744 
2002.0,Stealing Harvard,14277032 
2002.0,Godzilla Against Mechagodzilla,14122958 
2002.0,Wet Dreams,13936317 
2002.0,Dirty Pretty Things,13904766 
2002.0,Juwanna Mann,13802599 
2002.0,Trapped,13414416 
2002.0,Toei Spring Anime Fair,13107237 
2002.0,Long Time Dead,13102295 
2002.0,Knockaround Guys,12806614 
2002.0,Narc,12633747 
2002.0,The Other Side of the Bed,12630208 
2002.0,Sorority Boys,12517488 
2002.0,Nine Queens,12413888 
2002.0,Abandon,12302219 
2002.0,The Eye,12165016 
2002.0,2009: Lost Memories,12049825 
2002.0,The Rules of Attraction,11819244 
2002.0,Mohou-han,11702775 
2002.0,The Order,11560806 
2002.0,Adrenaline Rush: The Science of Risk,11011932 
2002.0,Extreme Ops,10959475 
2002.0,Champion,10569737 
2002.0,Bibi Blocksberg,10325928 
2002.0,Kamen Rider Ryuki: Episode Final,10112538 
2002.0,Pulse: A Stomp Odyssey,10086514 
2003.0,The Lord of the Rings: The Return of the King,1140697968 
2003.0,Finding Nemo,871014978 
2003.0,The Matrix Reloaded,739412035 
2003.0,Pirates of the Caribbean: The Curse of the Black Pearl,654264015 
2003.0,Bruce Almighty,484592874 
2003.0,The Last Samurai,454627263 
2003.0,Terminator 3: Rise of the Machines,433371112 
2003.0,The Matrix Revolutions,427343298 
2003.0,X-Men 2,407711549 
2003.0,Bad Boys II,273339556 
2003.0,Something's Gotta Give,265328738 
2003.0,Charlie's Angels: Full Throttle,259175788 
2003.0,The Village,256697520 
2003.0,Brother Bear,250397798 
2003.0,Hulk,245285165 
2003.0,Love Actually,244931766 
2003.0,2 Fast 2 Furious,236350661 
2003.0,American Wedding,232722935 
2003.0,Scary Movie 3,220673217 
2003.0,Elf,220443451 
2003.0,Master and Commander: The Far Side of the World,211622535 
2003.0,S.W.A.T.,207725639 
2003.0,Spy Kids 3: Game Over,197011982 
2003.0,Anger Management,195745823 
2003.0,Cheaper by the Dozen,190212113 
2003.0,The Haunted Mansion,182290266 
2003.0,Kill Bill: Vol. 1,180899045 
2003.0,The League of Extraordinary Gentlemen,179265204 
2003.0,Daredevil,179179718 
2003.0,How to Lose a Guy in 10 Days,177503042 
2003.0,The Italian Job,176070171 
2003.0,Cold Mountain,173013509 
2003.0,Bringing Down the House,164729679 
2003.0,Daddy Day Care,164433867 
2003.0,Freaky Friday,160846332 
2003.0,Johnny English,160466000 
2003.0,Lara Croft: Tomb Raider - The Cradle of Life,160099222 
2003.0,Mystic River,156595191 
2003.0,Bayside Shakedown 2,155138312 
2003.0,Seabiscuit,148336445 
2003.0,Gothika,141591324 
2003.0,Mona Lisa Smile,141337989 
2003.0,The Jungle Book 2,135703599 
2003.0,The Cat in the Hat,133960541 
2003.0,School of Rock,131095614 
2003.0,"Legally Blonde 2: Red, White & Blonde",124914842 
2003.0,Big Fish,123218424 
2003.0,Peter Pan,121975011 
2003.0,Intolerable Cruelty,120801243 
2003.0,Lost in Translation,118685453 
2003.0,Paycheck,117248958 
2003.0,Freddy vs. Jason,116632628 
2003.0,The Texas Chainsaw Massacre,107071655 
2003.0,Just Married,101564935 
2003.0,The Recruit,101191884 
2003.0,Once Upon a Time in Mexico,98096026 
2003.0,Phone Booth,97837138 
2003.0,Underworld,95708457 
2003.0,Calendar Girls,93400759 
2003.0,Final Destination 2,90941129 
2003.0,Identity,90259536 
2003.0,Kangaroo Jack,88929111 
2003.0,Shanghai Knights,88323487 
2003.0,Old School,87135520 
2003.0,Tears of the Sun,86468162 
2003.0,Sinbad: Legend of the Seven Seas,80773077 
2003.0,The Rundown,80657921 
2003.0,Runaway Jury,80154140 
2003.0,Good Bye Lenin!,79316957 
2003.0,Bad Santa,76488889 
2003.0,Dreamcatcher,75715436 
2003.0,The Core,73498611 
2003.0,Holes,71406573 
2003.0,Looney Tunes: Back in Action,68514844 
2003.0,Open Range,68296293 
2003.0,Stuck on You,65784503 
2003.0,Matchstick Men,65565672 
2003.0,Taxi 3,65497208 
2003.0,Jeepers Creepers 2,63102666 
2003.0,Piglet's Big Movie,62870546 
2003.0,Honey,62228395 
2003.0,21 Grams,60427839 
2003.0,Under the Tuscan Sun,58878723 
2003.0,Agent Cody Banks,58795814 
2003.0,Monster,58469210 
2003.0,Cradle 2 the Grave,56489558 
2003.0,The Lizzie McGuire Movie,55534455 
2003.0,Out of Time,55495563 
2003.0,Rugrats Go Wild,55250496 
2003.0,Radio,53293628 
2003.0,Hollywood Homicide,51142659 
2003.0,What a Girl Wants,50732139 
2003.0,The Jungle Book 2 2003 Re-release,50600160 
2003.0,National Security,50097949 
2003.0,Secondhand Lions,48249017 
2003.0,Darkness Falls,47488536 
2003.0,Torque,46546197 
2003.0,The Hunted,46061847 
2003.0,Good Boy,45312217 
2003.0,Uptown Girls,44617342 
2003.0,A Man Apart,44350926 
2003.0,Timeline,43935763 
2003.0,Basic,42792561 
2003.0,Whale Rider,41062976 
2003.0,Down with Love,39468111 
2003.0,Dumb and Dumberer: When Harry Met Lloyd,39267515 
2003.0,The Life of David Gale,38955598 
2003.0,Head of State,38620484 
2003.0,The Missing,38364277 
2003.0,Bulletproof Monk,37713879 
2003.0,Malibu's Most Wanted,34622504 
2003.0,The Medallion,34268701 
2003.0,The Fighting Temptations,33972062 
2003.0,Pokémon: Jirachi - Wish Maker,33393751 
2003.0,Girl with a Pearl Earring,33030115 
2003.0,Suddenly Paradise,31679869 
2003.0,The Blind Swordsman: Zatoichi,31167430 
2003.0,Cabin Fever,30553394 
2003.0,Laws of Attraction,30031874 
2003.0,Luther,29413900 
2003.0,Bugs!,29388999 
2003.0,Cold Creek Manor,29119434 
2003.0,Wrong Turn,28650575 
2003.0,Ruby & Quentin,27720972 
2003.0,The In-Laws,26891849 
2003.0,In America,25382911 
2003.0,The Miracle of Bern,24816750 
2003.0,Detective Conan: Crossroad in the Ancient Capital,24342320 
2003.0,Mortadelo & Filemon: The Big Adventure,23920411 
2003.0,Dickie Roberts: Former Child Star,23769505 
2003.0,In the Cut,23726793 
2003.0,Biker Boyz,23510621 
2003.0,Yomigaeri,23259542 
2003.0,Confidence,23014206 
2003.0,The Human Stain,22954068 
2003.0,Swimming Pool,22441497 
2003.0,Chouchou,22288364 
2003.0,Ghosts of the Abyss,22141539 
2003.0,Love Don't Cost a Thing,21964072 
2003.0,The Barbarian Invasions 2003 Re-release,21815430 
2003.0,Doraemon: Nobita and the Wind Wizard,20428491 
2003.0,Ong-Bak: The Thai Warrior,20235426 
2003.0,View from the Top,19526014 
2003.0,Duplex,19322135 
2003.0,Deep Blue,19288261 
2003.0,A Mighty Wind,18750246 
2003.0,My Boss's Daughter,18191005 
2003.0,My Tutor Friend,17896209 
2003.0,The New World,17823920 
2003.0,Deliver Us from Eva,17573594 
2003.0,A Guy Thing,17432163 
2003.0,Would I Lie to You? 2,17317084 
2003.0,House of 1000 Corpses,16829545 
2003.0,House of Sand and Fog,16763804 
2003.0,Dogville,16680836 
2003.0,Facing Windows,15530077 
2003.0,Zelary,15461305 
2003.0,Alex & Emma,15368897 
2003.0,The Dreamers,15121165 
2003.0,Oldboy,14980005 
2003.0,Battle Royale II,14899584 
2003.0,One Piece: Dead End Adventure,14817006 
2003.0,The Triplets of Belleville,14776760 
2003.0,Together with You,14687167 
2003.0,How to Deal,14390329 
2003.0,Football Days,14117202 
2003.0,Touching the Void,13885802 
2003.0,House of the Dead,13818181 
2003.0,Anything Else,13585075 
2003.0,Kal Ho Naa Ho,13200241 
2003.0,The Barbarian Invasions,13065317 
2003.0,Onmyoji 2,13022862 
2003.0,The Divorce,12991996 
2003.0,Gods and Generals,12923936 
2003.0,"Remember Me, My Love",12671306 
2003.0,Chasing Papi,12661189 
2003.0,Winged Migration 2003 Re-release,12634963 
2003.0,Seducing Doctor Lewis,12504038 
2003.0,Monsieur Ibrahim,12364836 
2003.0,Koi... Mil Gaya,12168232 
2003.0,Dark Blue,12150301 
2003.0,Beyond Borders,11705002 
2003.0,The Dope,11289473 
2003.0,Kamen Rider 555: Paradise Lost,11067556 
2003.0,Godzilla: Tokyo S.O.S.,10724345 
2003.0,The Cooler,10464788 
2003.0,A Touch of Spice,10395779 
2003.0,Thirteen,10128960 
2003.0,Kisarazu Cat's Eye: Nihon Series,10029866 
2003.0,Elephant,10012022 
2003.0,Shin Chan: The Adult Empire Strikes Back,9851449 
2003.0,My Life Without Me,9726954 
2003.0,The Young Black Stallion,9638389 
2003.0,Married for 7 Years,9545175 
2003.0,Veronica Guerin,9439660 
2003.0,The Flying Classroom,9378807 
2003.0,Après Vous,8852763 
2003.0,"Spring, Summer, Fall, Winter... and Spring",8836246 
2003.0,18 Years Later,8785730 
2003.0,Le coeur des hommes,8755325 
2004.0,Shrek 2,928965305 
2004.0,Harry Potter and the Prisoner of Azkaban,795634069 
2004.0,Spider-Man 2,788618317 
2004.0,The Incredibles,631442092 
2004.0,The Passion of the Christ,611490759 
2004.0,The Day After Tomorrow,552639571 
2004.0,Meet the Fockers,522657936 
2004.0,Troy,497409852 
2004.0,Shark Tale,374583879 
2004.0,Ocean's Twelve,362744280 
2004.0,"I, Robot",353133898 
2004.0,National Treasure,347512318 
2004.0,Van Helsing,300157638 
2004.0,The Bourne Supremacy,290633422 
2004.0,The Polar Express,286000505 
2004.0,Bridget Jones: The Edge of Reason,265126918 
2004.0,Howl's Moving Castle,235347345 
2004.0,Fahrenheit 9/11,222446882 
2004.0,Collateral,220239925 
2004.0,The Terminal,218685607 
2004.0,Million Dollar Baby,216763646 
2004.0,The Aviator,213719942 
2004.0,A Series of Unfortunate Events,211468235 
2004.0,King Arthur,203567857 
2004.0,Garfield: The Movie,203172417 
2004.0,50 First Dates,198413428 
2004.0,The Grudge,187281115 
2004.0,Scooby-Doo 2: Monsters Unleashed,181216833 
2004.0,Along Came Polly,178311729 
2004.0,Alien vs. Predator,177427090 
2004.0,Starsky & Hutch,170268750 
2004.0,Shall We Dance?,170128460 
2004.0,Dodgeball: A True Underdog Story,168423227 
2004.0,Alexander,167298192 
2004.0,The Phantom of the Opera,154648887 
2004.0,Kill Bill: Vol. 2,154116796 
2004.0,Home on the Range,145358062 
2004.0,The SpongeBob SquarePants Movie,140192993 
2004.0,The Princess Diaries 2: Royal Engagement,134734481 
2004.0,Blade: Trinity,131883935 
2004.0,Man on Fire,130834852 
2004.0,Mean Girls,130134426 
2004.0,Resident Evil: Apocalypse,129342769 
2004.0,Ray,123971376 
2004.0,The Notebook,117814760 
2004.0,The Forgotten,117592831 
2004.0,Finding Neverland,116650613 
2004.0,The Chronicles of Riddick,115900534 
2004.0,Closer,115505027 
2004.0,White Chicks,113086475 
2004.0,Sideways,109706931 
2004.0,Hidalgo,108040622 
2004.0,The Stepford Wives,103370127 
2004.0,Saw,103096345 
2004.0,Dawn of the Dead,102278712 
2004.0,Kung Fu Hustle,100912445 
2004.0,Ladder 49,100572044 
2004.0,Hellboy,99318987 
2004.0,The Butterfly Effect,96693417 
2004.0,Christmas with the Kranks,96572480 
2004.0,13 Going on 30,96455697 
2004.0,The Manchurian Candidate,96105910 
2004.0,Secret Window,92913171 
2004.0,House of Flying Daggers,92863945 
2004.0,Downfall,92181574 
2004.0,Anchorman: The Legend of Ron Burgundy,90650045 
2004.0,Catwoman,82402379 
2004.0,The Chorus,82032134 
2004.0,Exorcist: The Beginning,78110021 
2004.0,The Ladykillers,76665191 
2004.0,(T)Raumschiff Surprise - Periode 1,76341401 
2004.0,Tae Guk Gi: The Brotherhood of War,76287982 
2004.0,Crying Out Love in the Center of the World,73611055 
2004.0,Eternal Sunshine of the Spotless Mind,73388075 
2004.0,Without a Paddle,73029190 
2004.0,Around the World in 80 Days,72178895 
2004.0,Anacondas: The Hunt for the Blood Orchid,70992898 
2004.0,Taxi 2004 Re-release,70778329 
2004.0,A Cinderella Story,70080371 
2004.0,A Very Long Engagement,69424389 
2004.0,Barbershop 2: Back in Business,65991448 
2004.0,Taking Lives,65470529 
2004.0,Miracle,64445708 
2004.0,After the Sunset,62657868 
2004.0,Two Brothers,62172050 
2004.0,Friday Night Lights,61950770 
2004.0,In Good Company,61315215 
2004.0,Sky Captain and the World of Tomorrow,57947036 
2004.0,Cellular,57678321 
2004.0,The Motorcycle Diaries,57663224 
2004.0,Seven Dwarves,57410311 
2004.0,Walking Tall,57223890 
2004.0,Spanglish,55470154 
2004.0,The Punisher,54700105 
2004.0,Open Water,54683487 
2004.0,Team America: World Police,50826898 
2004.0,You Got Served,50576805 
2004.0,Raising Helen,49718611 
2004.0,Fat Albert,48551322 
2004.0,Be with You,46616207 
2004.0,Napoleon Dynamite,46118097 
2004.0,The Sea Inside,43685449 
2004.0,Wimbledon,41682237 
2004.0,Twisted,40954603 
2004.0,Bad Education,40350837 
2004.0,Crimson Rivers 2: Angels of the Apocalypse,40152148 
2004.0,The Prince and Me,37666766 
2004.0,Garden State,35825316 
2004.0,Jersey Girl,35492921 
2004.0,Alfie,35060882 
2004.0,Flight of the Phoenix,35021497 
2004.0,The Life Aquatic with Steve Zissou,34808403 
2004.0,Pokémon the Movie: Destiny Deoxys,34337258 
2004.0,Hotel Rwanda,33882243 
2004.0,Confessions of a Teenage Drama Queen,33251890 
2004.0,Night Watch,32396890 
2004.0,Johnson Family Vacation,31326183 
2004.0,The Girl Next Door,30381722 
2004.0,Godsend,30120671 
2004.0,Shaun of the Dead,30039392 
2004.0,Yu-Gi-Oh!: The Movie - Pyramid of Light,29144802 
2004.0,Agent Cody Banks 2: Destination London,28818995 
2004.0,Thunderbirds,28283637 
2004.0,Dirty Dancing: Havana Nights,27685016 
2004.0,Ella Enchanted,27388767 
2004.0,Doraemon: Nobita in the Wan-Nyan Spacetime Odyssey,26663978 
2004.0,The Whole Ten Yards,26170671 
2004.0,The Alamo,25819961 
2004.0,Seed of Chucky,24829644 
2004.0,Bride & Prejudice,24716440 
2004.0,Podium,24511116 
2004.0,Harold & Kumar Go to White Castle,23936908 
2004.0,Birth,23925492 
2004.0,Christmas in Love,22668087 
2004.0,Detective Conan: Magician of the Silver Sky,22618511 
2004.0,EuroTrip,22605153 
2004.0,Quill: The Life of a Guide Dog,22298559 
2004.0,NASCAR: The IMAX Experience,22248831 
2004.0,Little Black Book,22035509 
2004.0,Do You Know Claudia?,21852972 
2004.0,Mr. 3000,21839377 
2004.0,Wicker Park,21568818 
2004.0,Win a Date with Tad Hamilton!,21513434 
2004.0,The Merchant of Venice,21417725 
2004.0,New York Minute,21289826 
2004.0,Mindhunters,21148829 
2004.0,G.O.R.A.,20839049 
2004.0,Super Size Me,20645757 
2004.0,The 11 Commandments,20537839 
2004.0,Ladies in Lavender,20377075 
2004.0,Melinda and Melinda,20129327 
2004.0,I Heart Huckabees,20072172 
2004.0,2046,19470239 
2004.0,Vanity Fair,19463185 
2004.0,Windstruck,19225992 
2004.0,The Corsican File,18922216 
2004.0,Swing Girls,18758613 
2004.0,Look at Me,18729751 
2004.0,De-Lovely,18611951 
2004.0,My Baby's Daddy,18490423 
2004.0,Quai des illusions,18291248 
2004.0,Kinsey,17050017 
2004.0,Catch That Kid,16951702 
2004.0,Paparazzi,16796512 
2004.0,One Missed Call,16367880 
2004.0,"Nin x Nin: Ninja Hattori-kun, the Movie",16351134 
2004.0,What the #$*! Do We (K)now!?,15998178 
2004.0,Before Sunset,15854211 
2004.0,Lucky Luke and the Daltons,15823762 
2004.0,Surviving Christmas,15125687 
2004.0,The Last Trapper,14905929 
2004.0,Raise Your Voice,14867514 
2004.0,Soul Plane,14821824 
2004.0,Half a Confession,14638660 
2004.0,Welcome to Mooseport,14615099 
2004.0,Envy,14494036 
2004.0,Being Julia,14339171 
2004.0,Vizontele Tuuba,13954476 
2004.0,French Spies,13844465 
2004.0,Der Wixxer,13607165 
2004.0,One Piece: The Cursed Holy Sword,13422333 
2004.0,Umizaru,13361623 
2004.0,RRRrrrr!!!,13315054 
2004.0,Vera Drake,13267869 
2004.0,Mariages!,12991310 
2004.0,Maria Full of Grace,12594630 
2004.0,Breakin' All the Rules,12544254 
2004.0,The Clearing,12520799 
2004.0,Casshern,12353768 
2004.0,Chasing Liberty,12313323 
2004.0,Don't Move,12071007 
2004.0,Kureyon Shin-chan 2004 Re-release,12066375 
2004.0,The Cookout,12009070 
2004.0,Layer Cake,11850214 
2004.0,Suspect Zero,11416075 
2004.0,Connie and Carla,11341016 
2004.0,Naruto the Movie: Ninja Clash in the Land of Snow,11141307 
2004.0,Head-On,11030861 
2004.0,District B13,10976892 
2004.0,The Perfect Score,10898337 
2005.0,Harry Potter and the Goblet of Fire,895921036 
2005.0,Star Wars: Episode III - Revenge of the Sith,868352530 
2005.0,"The Chronicles of Narnia: The Lion, the Witch and the Wardrobe",745013115 
2005.0,War of the Worlds,603873119 
2005.0,King Kong,556906378 
2005.0,Madagascar,542063846 
2005.0,Mr. & Mrs. Smith,487287646 
2005.0,Charlie and the Chocolate Factory,474968763 
2005.0,Batman Begins,373443774 
2005.0,Hitch,371594210 
2005.0,Fantastic Four,333535934 
2005.0,Chicken Little,314432837 
2005.0,Wedding Crashers,288467645 
2005.0,Robots,262511490 
2005.0,Constantine,230884728 
2005.0,Flightplan,223387299 
2005.0,Kingdom of Heaven,218122627 
2005.0,Fun with Dick and Jane,204681899 
2005.0,The Pacifier,198636868 
2005.0,Wallace & Gromit: The Curse of the Were-Rabbit,192614977 
2005.0,The Longest Yard,191466556 
2005.0,Walk the Line,186797986 
2005.0,Brokeback Mountain,178062759 
2005.0,The 40-Year-Old Virgin,177378645 
2005.0,The Ring Two,163995949 
2005.0,The Island,162949164 
2005.0,The Interpreter,162944923 
2005.0,Memoirs of a Geisha,162242962 
2005.0,Sin City,158733820 
2005.0,Monster-in-Law,155457327 
2005.0,Saw II,147748505 
2005.0,The Exorcism of Emily Rose,145166804 
2005.0,Herbie Fully Loaded,144146816 
2005.0,The Legend of Zorro,142400065 
2005.0,Bewitched,131426169 
2005.0,Munich,130982129 
2005.0,Cheaper by the Dozen 2,130154568 
2005.0,March of the Penguins,127392693 
2005.0,Nanny McPhee,123276807 
2005.0,Hide and Seek,123204920 
2005.0,Pride & Prejudice,121616555 
2005.0,Sahara,119240351 
2005.0,Corpse Bride,118090836 
2005.0,The Dukes of Hazzard,111069515 
2005.0,Hoodwinked!,110013167 
2005.0,Cinderella Man,108539911 
2005.0,The Amityville Horror,107516369 
2005.0,The Brothers Grimm,105316267 
2005.0,The Hitchhiker's Guide to the Galaxy,104478416 
2005.0,Guess Who,103121466 
2005.0,Just Like Heaven,102854431 
2005.0,Miss Congeniality 2: Armed & Fabulous,101393569 
2005.0,Crash,98410061 
2005.0,Are We There Yet?,97918663 
2005.0,Jarhead,97076152 
2005.0,Red Eye,96258201 
2005.0,Be Cool,95763716 
2005.0,The Skeleton Key,93983911 
2005.0,Syriana,93974620 
2005.0,The Family Stone,92884429 
2005.0,Four Brothers,92374674 
2005.0,White Noise,91196419 
2005.0,Racing Stripes,90754475 
2005.0,Transporter 2,89083229 
2005.0,Rumor Has It...,88933562 
2005.0,Sky High,86369815 
2005.0,Match Point,85638656 
2005.0,In Her Shoes,83697473 
2005.0,The Constant Gardener,82466670 
2005.0,Stealth,79268322 
2005.0,Hostage,77608617 
2005.0,Coach Carter,76669554 
2005.0,The King and the Clown,74466867 
2005.0,"Yours, Mine & Ours",72662923 
2005.0,Lord of War,72617068 
2005.0,The Adventures of Sharkboy and Lavagirl 3-D,71992655 
2005.0,xXx: State of the Union,71410636 
2005.0,House of Wax,68766121 
2005.0,Prime,67937494 
2005.0,Boogeyman,67192859 
2005.0,Zathura: A Space Adventure,65079104 
2005.0,Valiant,61746888 
2005.0,A History of Violence,61385065 
2005.0,Son of the Mask,59981548 
2005.0,Must Love Dogs,58231520 
2005.0,Doom,58072119 
2005.0,Derailed,57479076 
2005.0,The Descent,57051053 
2005.0,Elektra,56995646 
2005.0,Kicking & Screaming,56070433 
2005.0,"Good Night, and Good Luck.",54641191 
2005.0,Æon Flux,53321673 
2005.0,Pooh's Heffalump Movie,52858433 
2005.0,Elizabethtown,52164016 
2005.0,Just Friends,50912434 
2005.0,Unleashed,50871113 
2005.0,Diary of a Mad Black Woman,50652203 
2005.0,Fever Pitch,50605163 
2005.0,Capote,49327405 
2005.0,Broken Flowers,47329961 
2005.0,The Wedding Date,47096206 
2005.0,Land of the Dead,47074133 
2005.0,Get Rich or Die Tryin',46563961 
2005.0,The Fog,46201432 
2005.0,Into the Blue,46117696 
2005.0,Deuce Bigalow: European Gigolo,45109561 
2005.0,Dark Water 2005 Re-release,44347079 
2005.0,A Lot Like Love,42886719 
2005.0,Oliver Twist,42580321 
2005.0,The Sisterhood of the Traveling Pants,42013878 
2005.0,Serenity,40445129 
2005.0,The Ringer,40442443 
2005.0,Magnificent Desolation: Walking on the Moon,40339402 
2005.0,Yamato,39287114 
2005.0,Dreamer,38741732 
2005.0,Always: Sunset on Third Street,38573583 
2005.0,The Producers,38075318 
2005.0,Casanova,37691644 
2005.0,Beauty Shop,37245453 
2005.0,Pokémon: Lucario and the Mystery of Mew,37228626 
2005.0,Negotiator: Mashita Masayoshi,36733286 
2005.0,Assault on Precinct 13,35294470 
2005.0,Nana,34671042 
2005.0,Wild Safari - A South African Adventure,34257135 
2005.0,Bad News Bears,34252847 
2005.0,Because of Winn-Dixie,33589427 
2005.0,The Cave,33296457 
2005.0,Marathon,33284089 
2005.0,The Brice Man,33026616 
2005.0,Cry Wolf,32586408 
2005.0,The Suspect: Muroi Shinji,32104229 
2005.0,Marrying the Mafia 2: Enemy-in-Law,31835989 
2005.0,Welcome to Dongmakgol,31787130 
2005.0,Rent,31670620 
2005.0,The New World 2005 Re-release,31510855 
2005.0,Train Man,31090100 
2005.0,The Promise,30925693 
2005.0,Wolf Creek,30762648 
2005.0,Two for the Money,30526509 
2005.0,Cursed,29621722 
2005.0,The Upside of Anger,28237488 
2005.0,Mrs. Henderson Presents,27876417 
2005.0,Ice Princess,27645491 
2005.0,Goal! The Dream Begins,27610873 
2005.0,The Protector,27165581 
2005.0,Doogal,26711924 
2005.0,Typhoon,26179656 
2005.0,9th Company,26146165 
2005.0,Natale a Miami,25643184 
2005.0,The Tiger and the Snow,25460023 
2005.0,North Country,25211175 
2005.0,April Snow,24873159 
2005.0,I Love You in Every Language in the World,23941317 
2005.0,Lady Vengeance,23834149 
2005.0,Russian Dolls,23727301 
2005.0,Hustle & Flow,23563727 
2005.0,Another Public Enemy,23248003 
2005.0,Domino,22944502 
2005.0,The White Massai,22632255 
2005.0,Manual of Love,22079820 
2005.0,Torrente 3: El protector,21762391 
2005.0,Man of the House,21577624 
2005.0,Year One in the North,21360942 
2005.0,The Jacket,21126225 
2005.0,The Devil's Rejects,20901859 
2005.0,A Moment to Remember,20865847 
2005.0,Lorelei,19806585 
2005.0,The Perfect Man,19770475 
2005.0,Mapado,19286223 
2005.0,The Weather Man,19126398 
2005.0,Iznogoud- Caliph Instead of the Caliph,18725588 
2005.0,Detective Conan: Strategy Above the Depths,18723952 
2005.0,Waiting...,18637690 
2005.0,An Unfinished Life,18618284 
2005.0,My Father and My Son,18612999 
2005.0,Keeping Mum,18575768 
2005.0,The Turkish Gambit,18520000 
2005.0,As It Is in Heaven,18318233 
2005.0,The World's Fastest Indian,18297690 
2005.0,Night Watch 2005 Re-release,17939389 
2005.0,Joyeux Noel,17709155 
2005.0,You Are My Sunshine,17650142 
2005.0,Palais royal!,17612135 
2005.0,Roll Bounce,17500866 
2005.0,Rebound,17492014 
2005.0,Stormy Night,17379776 
2005.0,The Matador,17347231 
2005.0,Aegis,16869261 
2005.0,Caché,16197824 
2005.0,The Great Yokai War,15787492 
2005.0,Kiss Kiss Bang Bang,15785148 
2005.0,The Gospel,15778152 
2005.0,Two Sons of Francisco,15508288 
2005.0,The Greatest Game Ever Played,15431177 
2005.0,Transamerica,15151744 
2005.0,"Murder, Take One",14915208 
2005.0,Most Beautiful Week in My Life,14765033 
2005.0,Samurai Commando: Mission 1549,14648713 
2005.0,Blood Rain,14270938 
2005.0,Proof,14189860 
2006.0,Pirates of the Caribbean: Dead Man's Chest,1066179725 
2006.0,The Da Vinci Code,760006945 
2006.0,Ice Age: The Meltdown,660998756 
2006.0,Casino Royale,606000064 
2006.0,Night at the Museum,574480841 
2006.0,Cars,461983149 
2006.0,X-Men: The Last Stand,460435291 
2006.0,Mission: Impossible III,398479497 
2006.0,Superman Returns,391081192 
2006.0,Happy Feet,384335608 
2006.0,Over the Hedge,339795890 
2006.0,The Devil Wears Prada,326710203 
2006.0,The Pursuit of Happyness,307127625 
2006.0,The Departed,291465034 
2006.0,Borat,262552893 
2006.0,Eragon,250425512 
2006.0,Click,240685326 
2006.0,The Holiday,205844805 
2006.0,The Break-Up,205668210 
2006.0,Open Season,200811689 
2006.0,Inside Man,186003591 
2006.0,Poseidon,181674817 
2006.0,Deja Vu,180557550 
2006.0,Flushed Away,178281554 
2006.0,Scary Movie 4,178262620 
2006.0,Blood Diamond,171720398 
2006.0,Saw III,164874275 
2006.0,The Pink Panther,164115897 
2006.0,Miami Vice,163794509 
2006.0,Talladega Nights: The Ballad of Ricky Bobby,163362095 
2006.0,World Trade Center,163247198 
2006.0,The Fast and the Furious: Tokyo Drift,158964610 
2006.0,Rocky Balboa,155929020 
2006.0,Dreamgirls,155430335 
2006.0,Charlotte's Web,148964090 
2006.0,Garfield: A Tail of Two Kitties,143325970 
2006.0,Monster House,141861243 
2006.0,Big Momma's House 2,141522961 
2006.0,Babel,135330182 
2006.0,Perfume: The Story of a Murderer,135039924 
2006.0,V for Vendetta,132511035 
2006.0,"You, Me and Dupree",130628903 
2006.0,Failure to Launch,130224158 
2006.0,The Queen,123384128 
2006.0,Apocalypto,120654337 
2006.0,Eight Below,120455994 
2006.0,The Omen,119974972 
2006.0,Final Destination 3,118890272 
2006.0,Barnyard,116755080 
2006.0,The Lake House,114830111 
2006.0,Step Up,114194847 
2006.0,Underworld: Evolution,111476513 
2006.0,The Santa Clause 3: The Escape Clause,110768122 
2006.0,The Prestige,109676311 
2006.0,Arthur and the Invisibles,107944236 
2006.0,Little Man,104003322 
2006.0,The Wild,102338515 
2006.0,Little Miss Sunshine,101058954 
2006.0,Silent Hill,100605135 
2006.0,The Good Shepherd,100266865 
2006.0,Nacho Libre,99255460 
2006.0,Deep Sea,98230905 
2006.0,The Guardian,94973540 
2006.0,The Host,89431890 
2006.0,The Illusionist,87892388 
2006.0,RV,87528173 
2006.0,The Shaggy Dog,87134280 
2006.0,Date Movie,85749034 
2006.0,Volver,85585177 
2006.0,Jackass Number Two,84645164 
2006.0,French Fried Vacation 3: Friends Forever,84152064 
2006.0,Pan's Labyrinth,83850267 
2006.0,Firewall,82751189 
2006.0,Hostel,81979826 
2006.0,The Sentinel,78810595 
2006.0,Curse of the Golden Flower,78568977 
2006.0,The Lives of Others,77356942 
2006.0,United 93,76700659 
2006.0,Lady in the Water,72785169 
2006.0,The Grudge 2,70711175 
2006.0,Children of Men,70455770 
2006.0,The Hills Have Eyes,70008952 
2006.0,Curious George,69865924 
2006.0,John Tucker Must Die,68844775 
2006.0,Letters from Iwo Jima,68673228 
2006.0,Tales from Earthsea,68625104 
2006.0,Fearless,68072848 
2006.0,When a Stranger Calls,67062123 
2006.0,Take the Lead,66499627 
2006.0,Flags of Our Fathers,65900249 
2006.0,16 Blocks,65664721 
2006.0,The Benchwarmers,64962629 
2006.0,Madea's Family Reunion,63368939 
2006.0,Snakes on a Plane,62022014 
2006.0,My Super Ex-Girlfriend,61108981 
2006.0,Marie Antoinette,60917189 
2006.0,Limit of Love: Umizaru,60369589 
2006.0,Invincible,58480828 
2006.0,She's the Man,57194667 
2006.0,Lucky Number Slevin,56308881 
2006.0,The Ant Bully,55181129 
2006.0,Stranger Than Fiction,53653224 
2006.0,The Texas Chainsaw Massacre: The Beginning,51764406 
2006.0,Doomsday: The Sinking of Japan,51127401 
2006.0,Notes on a Scandal,49814392 
2006.0,An Inconvenient Truth,49782012 
2006.0,The Black Dahlia,49332692 
2006.0,The Last King of Scotland,48618191 
2006.0,Suite Dreams,48090431 
2006.0,Death Note: The Last Name,47917637 
2006.0,Deck the Halls,47232776 
2006.0,The Nativity Story,46432264 
2006.0,We Are Marshall,43545364 
2006.0,Last Holiday,43451846 
2006.0,Glory Road,42938449 
2006.0,Crank,42931041 
2006.0,Man of the Year,42472472 
2006.0,A Good Year,42269923 
2006.0,200 Pounds Beauty,42013016 
2006.0,Gridiron Gang,41480851 
2006.0,Thank You for Smoking,39323027 
2006.0,Scoop,39220946 
2006.0,Tazza: The High Rollers,39212715 
2006.0,The Wicker Man,38805380 
2006.0,Basic Instinct 2,38629478 
2006.0,Accepted,38623262 
2006.0,Employee of the Month,38528984 
2006.0,Day Watch,38411815 
2006.0,Just My Luck,38159905 
2006.0,Camping,37912041 
2006.0,The Covenant,37598767 
2006.0,Miss Potter,35078241 
2006.0,Bambi II,34958637 
2006.0,Love and Honor,33755574 
2006.0,Tell No One,33406992 
2006.0,7 Dwarves: The Forest Is Not Enough,32863752 
2006.0,Dhoom 2,32396427 
2006.0,Stick It,31976848 
2006.0,Deutschland. Ein Sommermärchen,31257991 
2006.0,Ultraviolet,31070211 
2006.0,Doraemon the Movie: Nobita's Dinosaur,30963292 
2006.0,Twosabu ilchae,30622421 
2006.0,Natale a New York,30437121 
2006.0,I Do: How to Get Married and Stay Single,30057369 
2006.0,Pulse,29907685 
2006.0,Death Note,29630359 
2006.0,An American Haunting,29612137 
2006.0,The Valet,29414553 
2006.0,Tristan + Isolde,28047963 
2006.0,Priceless,27949650 
2006.0,Pokémon Ranger and the Temple of the Sea,27638625 
2006.0,Stay Alive,27298695 
2006.0,Clerks II,26984975 
2006.0,The Painted Veil,26910847 
2006.0,Black Book,26768563 
2006.0,Detective Conan: The Private Eyes' Requiem,26251232 
2006.0,A Prairie Home Companion,25978867 
2006.0,You Are So Beautiful,25329576 
2006.0,Tears for You,25300338 
2006.0,Kabhi Alvida Naa Kehna,25229168 
2006.0,School for Scoundrels,23947685 
2006.0,Stormbreaker,23937870 
2006.0,Il mio miglior nemico,23710143 
2006.0,Valley of the Wolves: Iraq,23465471 
2006.0,Captain Alatriste: The Spanish Musketeer,23321954 
2006.0,"OSS 117: Cairo, Nest of Spies",23055884 
2006.0,Aquamarine,22989957 
2006.0,Days of Glory,22963701 
2006.0,The Wind that Shakes the Barley,22899908 
2006.0,The Banquet,22598772 
2006.0,Asterix and the Vikings,22501596 
2006.0,Fanaa,22175908 
2006.0,The Marine,22165608 
2006.0,Unaccompanied Minors,21949234 
2006.0,Flicka,21893591 
2006.0,Rob-B-Hood,21836580 
2006.0,Wolfhound,21573338 
2006.0,Black Christmas,21510851 
2006.0,Waist Deep,21353303 
2006.0,ATL,21170563 
2006.0,Bobby,20704591 
2006.0,Beerfest,20387597 
2006.0,Don,19640129 
2006.0,Movie: Marrying the Mafia 3 - Family Hustle,19606487 
2006.0,Akeelah and the Bee,18948425 
2006.0,See No Evil,18564467 
2006.0,Hanbando,18483140 
2006.0,Bandidas,18381890 
2006.0,Friends with Money,18245244 
2006.0,Krrish,18041250 
2006.0,Lage Raho Munna Bhai,17897527 
2006.0,Flyboys,17834865 
2006.0,Battle of the Warriors,17812601 
2006.0,Memories of Tomorrow,17696020 
2006.0,Grave Decisions,17685834 
2006.0,Orchestra Seats,17574836 
2006.0,Annapolis,17496992 
2006.0,"Paris, I Love You",17471727 
2006.0,Material Girls,16907725 
2006.0,Zhara,16877870 
2007.0,Pirates of the Caribbean: At World's End,960996492 
2007.0,Harry Potter and the Order of the Phoenix,938212738 
2007.0,Spider-Man 3,894983373 
2007.0,Shrek the Third,813367380 
2007.0,Transformers,709709780 
2007.0,Ratatouille,623726085 
2007.0,I Am Legend,585410052 
2007.0,The Simpsons Movie,536414270 
2007.0,National Treasure: Book of Secrets,459242249 
2007.0,300,456068181 
2007.0,The Bourne Ultimatum,444100035 
2007.0,Live Free or Die Hard,388156011 
2007.0,The Golden Compass,372234864 
2007.0,Alvin and the Chipmunks,365352546 
2007.0,Enchanted,340487652 
2007.0,Ocean's Thirteen,311312624 
2007.0,Fantastic Four: Rise of the Silver Surfer,301913131 
2007.0,Bee Movie,293514336 
2007.0,American Gangster,269755430 
2007.0,Rush Hour 3,258097122 
2007.0,Wild Hogs,253625427 
2007.0,Juno,232372681 
2007.0,Mr. Bean's Holiday,232225908 
2007.0,Ghost Rider,228738393 
2007.0,Knocked Up,219922417 
2007.0,Hairspray,203552922 
2007.0,Beowulf,196393745 
2007.0,I Now Pronounce You Chuck & Larry,187134117 
2007.0,Knowing,183658498 
2007.0,The Bucket List,175372502 
2007.0,Evan Almighty,174440724 
2007.0,No Country for Old Men,171627166 
2007.0,Superbad,170812574 
2007.0,Meet the Robinsons,169333034 
2007.0,Norbit,159814490 
2007.0,P.S. I Love You,156835339 
2007.0,Sweeney Todd: The Demon Barber of Fleet Street,153383627 
2007.0,Surf's Up,152005713 
2007.0,The Game Plan,147880543 
2007.0,Resident Evil: Extinction,147717833 
2007.0,Music and Lyrics,145896422 
2007.0,Blades of Glory,145710347 
2007.0,Saw IV,139352633 
2007.0,Bridge to Terabithia,137587063 
2007.0,Stardust,137515140 
2007.0,1408,132963417 
2007.0,Aliens vs. Predator: Requiem,130290885 
2007.0,Atonement,129266061 
2007.0,The Heartbreak Kid,128453183 
2007.0,Charlie Wilson's War,119483446 
2007.0,Disturbia,118114220 
2007.0,Earth,108975160 
2007.0,The Water Horse,103967384 
2007.0,Hitman,101276318 
2007.0,Fred Claus,97838349 
2007.0,TMNT,95797812 
2007.0,Shooter,95696996 
2007.0,Michael Clayton,92991835 
2007.0,No Reservations,92601050 
2007.0,Fracture,92011561 
2007.0,Epic Movie,87238158 
2007.0,The Kingdom,87019158 
2007.0,La Vie En Rose,86274793 
2007.0,Zodiac,84785914 
2007.0,Premonition,84146832 
2007.0,Hannibal Rising,82169884 
2007.0,Rabbit Without Ears,81744033 
2007.0,Hot Fuzz,80577265 
2007.0,Halloween,80460948 
2007.0,The Orphanage,78638987 
2007.0,The Number 23,77677553 
2007.0,Next,77621983 
2007.0,There Will Be Blood,76181545 
2007.0,Hero,76089199 
2007.0,Elizabeth: The Golden Age,75782758 
2007.0,30 Days of Night,75513170 
2007.0,Stomp the Yard,75511123 
2007.0,Dragon Wars: D-War,75108817 
2007.0,The Kite Runner,75011029 
2007.0,Perfect Stranger,73534117 
2007.0,License to Wed,70181325 
2007.0,3:10 to Yuma,70016220 
2007.0,The Brave One,69787394 
2007.0,Because I Said So,69485490 
2007.0,Mr. Magorium's Wonder Emporium,69474661 
2007.0,Dan in Real Life,68471669 
2007.0,"Lust, Caution",67091915 
2007.0,August Rush,66122026 
2007.0,Underdog,65270477 
2007.0,Taxi 4,65125001 
2007.0,28 Weeks Later,65048678 
2007.0,Lions for Lambs,64811540 
2007.0,The Reaping,62771059 
2007.0,Good Luck Chuck,59768495 
2007.0,Are We Done Yet?,58388068 
2007.0,The Mist,57470220 
2007.0,Smokin' Aces,57232879 
2007.0,Into the Wild,56674477 
2007.0,Eastern Promises,56106607 
2007.0,Why Did I Get Married?,55862886 
2007.0,The Irony of Fate 2,55639741 
2007.0,We Own the Night,55033767 
2007.0,The Messengers,55010659 
2007.0,Sea Monsters: A Prehistoric Adventure,50652463 
2007.0,This Christmas,49778552 
2007.0,18-May,49282156 
2007.0,Mr. Brooks,48443734 
2007.0,The Nanny Diaries,47817020 
2007.0,Death at a Funeral,46789413 
2007.0,Freedom Writers,43095175 
2007.0,The Warlords,42883181 
2007.0,Pokémon: The Rise of Darkrai,42496749 
2007.0,Always: Sunset on Third Street 2,42304705 
2007.0,Balls of Fury,41739111 
2007.0,Breach,40953935 
2007.0,War,40481352 
2007.0,The Invasion,40170558 
2007.0,Om Shanti Om,39990809 
2007.0,Happily N'Ever After,38085778 
2007.0,The Hills Have Eyes 2,37697773 
2007.0,Natale in crociera,37350000 
2007.0,Becoming Jane,37311672 
2007.0,Monkey Magic,36745063 
2007.0,Sky of Love,36684020 
2007.0,Sicko,36093504 
2007.0,Hostel: Part II,35728183 
2007.0,Vacancy,35442935 
2007.0,The Darjeeling Limited,35078918 
2007.0,Sunshine,34806360 
2007.0,Assembly,34786960 
2007.0,Gone Baby Gone,34612443 
2007.0,Mr. Woodcock,33683200 
2007.0,Run Fatboy Run,33478921 
2007.0,Doraemon the Movie: Nobita's New Great Adventure into the Underworld,32787846 
2007.0,Awake,32730062 
2007.0,88 Minutes,32593385 
2007.0,REC,32511655 
2007.0,Alpha Dog,32351125 
2007.0,Amazing Grace,32120360 
2007.0,Hunting and Gathering,31920899 
2007.0,The Seeker: The Dark Is Rising,31852619 
2007.0,Daddy's Little Girls,31609243 
2007.0,Love in the Time of Cholera,31575877 
2007.0,Welcome,31203567 
2007.0,Pathfinder,30984583 
2007.0,Nancy Drew,30666930 
2007.0,Death Proof,30663961 
2007.0,A Beautiful Wife,30385222 
2007.0,The Great Debaters,30236407 
2007.0,A Tale of Mari and Three Puppies,30183621 
2007.0,Lissi und der wilde Kaiser,29733764 
2007.0,The Fox and the Child,29610210 
2007.0,In the Valley of Elah,29541790 
2007.0,Across the Universe,29367143 
2007.0,St. Trinian's,29067829 
2007.0,Manual of Love 2,27833482 
2007.0,The Last Mimzy,27308918 
2007.0,Dororo,27308865 
2007.0,Shoot 'Em Up,27122238 
2007.0,Rendition,27066382 
2007.0,The Invisible,26810113 
2007.0,Mongol: The Rise of Genghis Khan,26527510 
2007.0,Bratz,26013153 
2007.0,Grindhouse,25422088 
2007.0,The Hitcher,25399945 
2007.0,The Last Legion,25303038 
2007.0,Before the Devil Knows You're Dead,25037657 
2007.0,Georgia Rule,25000167 
2007.0,Guru,24108727 
2007.0,Partner,23968620 
2007.0,Persepolis,22783978 
2007.0,Cassandra's Dream,22686378 
2007.0,Dead Silence,22382047 
2007.0,Reign Over Me,22242388 
2007.0,Waitress,22240529 
2007.0,Crows Zero,22036607 
2007.0,Reno 911!: Miami,22021262 
2007.0,My Blueberry Nights,22007671 
2007.0,Unfair: The Movie,21914005 
2007.0,Like Stars on Earth,21897373 
2007.0,Chak De! India,21505244 
2007.0,Arn: The Knight Templar,21287566 
2007.0,Penelope,21156270 
2007.0,Once,20936722 
2007.0,Le Grand Chef,20794760 
2007.0,Walk Hard: The Dewey Cox Story,20577458 
2007.0,Detective Conan: Jolly Roger in the Deep Azure,20440213 
2007.0,The Namesake,20354321 
2007.0,Evening,20016753 
2007.0,The Diving Bell and the Butterfly,19780116 
2007.0,Two Days in Paris,19776159 
2007.0,Bhool Bhulaiyaa,19073095 
2007.0,A Mighty Heart,19008745 
2007.0,The Wild Guys 4,18873863 
2007.0,Kitaro,18856642 
2007.0,The Counterfeiters,18814713 
2007.0,Ho voglia di te,18594142 
2007.0,Saawariya,18513120 
2007.0,Daddy Day Camp,18197398 
2007.0,Voice of a Murderer,18160598 
2008.0,The Dark Knight,1003845358 
2008.0,Indiana Jones and the Kingdom of the Crystal Skull,786636033 
2008.0,Kung Fu Panda,631744560 
2008.0,Hancock,629443428 
2008.0,Mamma Mia!,610002542 
2008.0,Madagascar: Escape 2 Africa,603900354 
2008.0,Quantum of Solace,589580694 
2008.0,Iron Man,585366247 
2008.0,WALL·E,521311860 
2008.0,The Chronicles of Narnia: Prince Caspian,419665568 
2008.0,Sex and the City,418765321 
2008.0,Twilight,407227433 
2008.0,The Mummy: Tomb of the Dragon Emperor,403449830 
2008.0,Slumdog Millionaire,378410113 
2008.0,Wanted,342463063 
2008.0,The Curious Case of Benjamin Button,335802786 
2008.0,Bolt,309979994 
2008.0,Horton Hears a Who!,298572799 
2008.0,Gran Torino,269958228 
2008.0,"10,000 BC",269784201 
2008.0,The Incredible Hulk,264770996 
2008.0,Marley & Me,255743093 
2008.0,High School Musical 3: Senior Year,252909177 
2008.0,Welcome to the Sticks,245144417 
2008.0,Journey to the Center of the Earth,244232688 
2008.0,The Day the Earth Stood Still,233093859 
2008.0,Get Smart,230685453 
2008.0,Taken,226837760 
2008.0,Jumper,225132113 
2008.0,Yes Man,223241637 
2008.0,What Happens in Vegas,219375562 
2008.0,Bedtime Stories,212874864 
2008.0,Australia,211788739 
2008.0,You Don't Mess with the Zohan,204313400 
2008.0,Ponyo,204171845 
2008.0,Valkyrie,201545517 
2008.0,Tropic Thunder,195703047 
2008.0,Eagle Eye,178767383 
2008.0,Cloverfield,172394180 
2008.0,Seven Pounds,169748929 
2008.0,Hellboy II: The Golden Army,168319243 
2008.0,The Spiderwick Chronicles,164170327 
2008.0,Four Christmases,164112721 
2008.0,Burn After Reading,163728902 
2008.0,The Happening,163403799 
2008.0,27 Dresses,162655351 
2008.0,21,159808370 
2008.0,Vantage Point,152039882 
2008.0,Step Up 2: The Streets,150816700 
2008.0,Beverly Hills Chihuahua,149292488 
2008.0,Asterix at the Olympic Games,131856927 
2008.0,Red Cliff,129708433 
2008.0,The Forbidden Kingdom,128779982 
2008.0,Step Brothers,128107642 
2008.0,Body of Lies,115900897 
2008.0,Saw V,113864059 
2008.0,Changeling,113398237 
2008.0,Rambo,113244290 
2008.0,Fool's Gold,111231041 
2008.0,Transporter 3,108979549 
2008.0,The Reader,108902486 
2008.0,Made of Honor,106407672 
2008.0,Forgetting Sarah Marshall,105833257 
2008.0,Pineapple Express,101624843 
2008.0,Nim's Island,100104565 
2008.0,Vicky Cristina Barcelona,96409830 
2008.0,Speed Racer,93945766 
2008.0,Role Models,92649419 
2008.0,Max Payne,87066930 
2008.0,The Tale of Despereaux,86957280 
2008.0,Meet the Spartans,85897593 
2008.0,Nights in Rodanthe,84375346 
2008.0,The Strangers,82410456 
2008.0,Righteous Kill,78460699 
2008.0,The Other Boleyn Girl,78199679 
2008.0,Mirrors,78094714 
2008.0,Death Race,76014335 
2008.0,Revolutionary Road,75981180 
2008.0,Boys Over Flowers: Final,72243609 
2008.0,Babylon A.D.,72109200 
2008.0,Superhero Movie,71538062 
2008.0,Hannah Montana and Miley Cyrus: Best of Both Worlds Concert,70642966 
2008.0,Departures,70442129 
2008.0,The House Bunny,70439696 
2008.0,The X Files: I Want to Believe,69363381 
2008.0,Star Wars: The Clone Wars,68282844 
2008.0,Street Kings,66476363 
2008.0,Space Chimps,65097693 
2008.0,The Bank Job,64822796 
2008.0,Baby Mama,64444713 
2008.0,Inkheart,62803180 
2008.0,The Eye,58010320 
2008.0,Prom Night,57197876 
2008.0,"Definitely, Maybe",55990299 
2008.0,Suspect X,54846110 
2008.0,Milk,54589558 
2008.0,Untraceable,52933513 
2008.0,Doubt,51699984 
2008.0,College Road Trip,51549674 
2008.0,Meet Dave,51339567 
2008.0,Defiance,51262751 
2008.0,The Women,50007546 
2008.0,Drillbit Taylor,49944325 
2008.0,CJ7,49529913 
2008.0,The Hurt Locker,49230772 
2008.0,Shutter,48555306 
2008.0,Pokémon: Giratina and the Sky Warrior,47511422 
2008.0,One Missed Call,45847751 
2008.0,If You Are the One,45521453 
2008.0,The Wrestler,44734660 
2008.0,Lakeview Terrace,44655002 
2008.0,The Sisterhood of the Traveling Pants 2,44352417 
2008.0,The Good the Bad the Weird,44261209 
2008.0,Semi-Pro,44004502 
2008.0,"Welcome Home, Roscoe Jenkins",43655418 
2008.0,Harold & Kumar Escape from Guantanamo Bay,43495888 
2008.0,The Duchess,43343384 
2008.0,Zack and Miri Make a Porno,42782463 
2008.0,Bangkok Dangerous,42487390 
2008.0,Meet the Browns,41975388 
2008.0,Scandal Makers,41745790 
2008.0,Fly Me to the Moon 3D,41721414 
2008.0,Never Back Down,41627431 
2008.0,My Best Friend's Girl,41624687 
2008.0,Escape Captivity: The Movie,41550983 
2008.0,Quarantine,41319906 
2008.0,Leatherheads,41319039 
2008.0,The Love Guru,40877556 
2008.0,The Boy in the Striped Pajamas,40416563 
2008.0,The Secret Life of Bees,39952437 
2008.0,The Spirit,39164441 
2008.0,Admiral,39143985 
2008.0,First Sunday,38810311 
2008.0,Ghajini,38316584 
2008.0,20th Century Boys 1: Beginning of the End,38231562 
2008.0,Painted Skin,37579689 
2008.0,The Family That Preys,37105289 
2008.0,Natale a Rio,36702844 
2008.0,The Chaser,36467587 
2008.0,The Magic Hour,36023586 
2008.0,Death Note: L Change the World,35319632 
2008.0,Gomorrah,34861529 
2008.0,Disaster Movie,34816824 
2008.0,Nick and Norah's Infinite Playlist,33556631 
2008.0,Fireproof,33473297 
2008.0,In Bruges,33394440 
2008.0,Che: Part One,33266274 
2008.0,Last Chance Harvey,32566966 
2008.0,The Wave,32350637 
2008.0,Doraemon the Movie: Nobita and the Green Giant Legend,31684949 
2008.0,Pride and Glory,31200557 
2008.0,Igor,30893885 
2008.0,Be Kind Rewind,30579406 
2008.0,The Best Movie,30525503 
2008.0,Mesrine: Killer Instinct,30503743 
2008.0,Rab Ne Bana Di Jodi,29914469 
2008.0,W.,29560587 
2008.0,The Class,29303505 
2008.0,Singh Is King,29169677 
2008.0,Recep Ivedik,28548025 
2008.0,Appaloosa,27712362 
2008.0,Traitor,27674464 
2008.0,Frost/Nixon,27426335 
2008.0,Forever the Moment,27259300 
2008.0,Public Enemy 3,27226420 
2008.0,Ghost Town,27090159 
2008.0,The Baader Meinhof Complex,26937355 
2008.0,Jodhaa Akbar,26890354 
2008.0,Mad Money,26412163 
2008.0,RocknRolla,25742207 
2008.0,I'm a Cat Stalker,25221446 
2008.0,Race,24503269 
2008.0,Detroit Metal City,23744571 
2008.0,Disco,23524551 
2008.0,Paris,23328518 
2008.0,Under the Same Moon,23313049 
2008.0,"Sorry, If I Love You",23249815 
2008.0,Detective Conan: Full Score of Fear,22996756 
2008.0,Kung Fu Dunk,22945567 
2008.0,The Merry Widow,22872698 
2008.0,The Ruins,22818256 
2008.0,U2 3D,22730842 
2008.0,The Accidental Husband,22707064 
2008.0,Paco and the Magical Book,22679633 
2008.0,Doomsday,22472631 
2008.0,I've Loved You So Long,22272176 
2008.0,A.R.O.G,22212369 
2008.0,Ip Man,22108789 
2008.0,Wild Child,21972336 
2008.0,"Grande, grosso e... Verdone",21860130 
2008.0,The Flight Before Christmas,21822495 
2008.0,Over Her Dead Body,21458111 
2008.0,K-20: The Fiend with Twenty Faces,21443265 
2008.0,Three Kingdoms,21159916 
2008.0,The Divine Weapon,19991573 
2008.0,Jaane Tu... Ya Jaane Na,19852786 
2008.0,Blindness,19844979 
2008.0,Il cosmo sul comò,19494191 
2008.0,Lyubov 2 Morkov,19171562 
2008.0,How to Lose Friends & Alienate People,19152009 
